[{"model": "tvasahi.date", "pk": 1, "fields": {"on_air_date": "6/27"}}, {"model": "tvasahi.date", "pk": 2, "fields": {"on_air_date": "6/28"}}, {"model": "tvasahi.date", "pk": 3, "fields": {"on_air_date": "6/29"}}, {"model": "tvasahi.date", "pk": 4, "fields": {"on_air_date": "6/30"}}, {"model": "tvasahi.date", "pk": 5, "fields": {"on_air_date": "7/1"}}, {"model": "tvasahi.date", "pk": 6, "fields": {"on_air_date": "7/2"}}, {"model": "tvasahi.date", "pk": 7, "fields": {"on_air_date": "7/3"}}, {"model": "tvasahi.category", "pk": 1, "fields": {"category_name": "ドラマ・映画"}}, {"model": "tvasahi.category", "pk": 2, "fields": {"category_name": "バラエティ"}}, {"model": "tvasahi.category", "pk": 3, "fields": {"category_name": "音楽"}}, {"model": "tvasahi.category", "pk": 4, "fields": {"category_name": "アニメ・ヒーロー"}}, {"model": "tvasahi.category", "pk": 5, "fields": {"category_name": "報道・情報・ドキュメンタリー"}}, {"model": "tvasahi.category", "pk": 6, "fields": {"category_name": "スポーツ"}}, {"model": "tvasahi.category", "pk": 7, "fields": {"category_name": "料理・旅・暮らし"}}, {"model": "tvasahi.tv", "pk": 1, "fields": {"program_name": "おはよう!時代劇　暴れん坊将軍9　#31", "time": "4:00", "content": "▽侍が辻斬り4人組に殺されるのを目撃した辰五郎は、辻斬りのあとを追うも逃げられてしまう。さらに現場に戻ると…", "url": null, "category": 1, "date": 1, "created_at": "2023-06-22T08:06:48Z"}}, {"model": "tvasahi.tv", "pk": 2, "fields": {"program_name": "グッド!モーニング", "time": "4:55", "content": "けさ知っておきたいニュースを独自目線でわかりやすく伝えます。林先生の「ことば検定」、依田さんの「お天気検定」、「ニュース検定」、「エンタメ検定」にも挑戦しよう!", "url": "https://www.tv-asahi.co.jp/goodmorning/", "category": 5, "date": 1, "created_at": "2023-06-22T08:15:17Z"}}, {"model": "tvasahi.tv", "pk": 3, "fields": {"program_name": "羽鳥慎一モーニングショー", "time": "8:00", "content": "羽鳥慎一が毎日の様々なニュースを、分かりやすくお伝えします。暮らしをよりよくする情報はもちろん、難しいことは何が問題なのか、パネルを駆使して読み解きます。", "url": "https://www.tv-asahi.co.jp/m-show/", "category": 5, "date": 1, "created_at": "2023-06-23T00:58:12Z"}}, {"model": "tvasahi.tv", "pk": 4, "fields": {"program_name": "じゅん散歩", "time": "9:55", "content": "三代目散歩人・高田純次が「中野」を散策▽WBC侍ジャパンが食べた話題のラーメン▽ダルビッシュも納得 濃厚スープ▽最新ビデオカメラ&amp;鉄道史を感じる時刻表ミュージアムも", "url": "https://www.tv-asahi.co.jp/junsanpo/", "category": 7, "date": 1, "created_at": "2023-06-23T00:59:25Z"}}, {"model": "tvasahi.tv", "pk": 5, "fields": {"program_name": "大下容子ワイド!スクランブル", "time": "10:25:00", "content": "スタジオの気鋭の識者たちが、視聴者に知っておいてもらいたい情報、抱いている疑問を深掘り解説!", "url": "https://www.tv-asahi.co.jp/scramble/", "category": 5, "date": 1, "created_at": "2023-06-23T01:00:08Z"}}, {"model": "tvasahi.tv", "pk": 6, "fields": {"program_name": "徹子の部屋", "time": "13:00:00", "content": "司会の黒柳徹子さんが、各界の著名人はもちろん、時の人、話題の人をゲストに迎え、絶妙の話術を駆使してゲストの魅力に迫る、昭和51年放送開始の長寿トーク番組です。", "url": "https://www.tv-asahi.co.jp/tetsuko/", "category": 2, "date": 1, "created_at": "2023-06-23T01:00:53Z"}}, {"model": "tvasahi.tv", "pk": 7, "fields": {"program_name": "DAIGOも台所　〜きょうの献立　何にする?〜　一皿でバランスOK!おかずサラダ", "time": "13:30:00", "content": "冷蔵庫の食材管理もしながら、家族の好みや栄養バランス、肉・魚・野菜のローテーションも考えて献立を決めるのは本当に大変…日々の料理の悩みにこたえる献立を複数提案!", "url": "https://onnela.asahi.co.jp/categories/daidokoro", "category": 7, "date": 1, "created_at": "2023-06-23T01:01:23Z"}}, {"model": "tvasahi.tv", "pk": 8, "fields": {"program_name": "東京サイト　「印刷博物館」", "time": "13:45:00", "content": "「東京・ミュージアム ぐるっとパス2023」は、幅広いジャンルの美術館や博物館など101の施設で、入場券や割引券として使えるチケット。今回は「印刷博物館」をご紹介。", "url": "https://www.tv-asahi.co.jp/t-site/", "category": 7, "date": 1, "created_at": "2023-06-23T01:02:08Z"}}, {"model": "tvasahi.tv", "pk": 9, "fields": {"program_name": "ANNニュース", "time": "13:49:00", "content": "正確なニュース・情報をいち早くお伝えするANNニュース!テレビ朝日系列の放送局26局が総力をあげ、緻密な取材にもとづいたニュースを最新機材を駆使して放送します。", "url": "https://news.tv-asahi.co.jp/", "category": 5, "date": 1, "created_at": "2023-06-23T01:02:37Z"}}, {"model": "tvasahi.tv", "pk": 10, "fields": {"program_name": "西村京太郎サスペンス　鉄道捜査官14", "time": "13:54:00", "content": "「伊豆急リゾート21号パノラマ展望車で殺された女!箱根ゴールデンルート 空と湖の逆転アリバイトリック」沢口靖子", "url": "https://www.tv-asahi.co.jp/tetsudousousakan/", "category": 1, "date": 1, "created_at": "2023-06-23T01:03:12Z"}}, {"model": "tvasahi.tv", "pk": 11, "fields": {"program_name": "相棒17　#19", "time": "15:48:00", "content": "「漂流少年〜月本幸子の決断」水谷豊、反町隆史 ▽“花の里\"女将・月本幸子が出会った青年は、振り込め詐欺グループとの関与が疑われていた。彼の無実を信じる幸子は…", "url": "https://www.tv-asahi.co.jp/aibou17/", "category": 1, "date": 1, "created_at": "2023-06-23T01:03:42Z"}}, {"model": "tvasahi.tv", "pk": 12, "fields": {"program_name": "スーパーJチャンネル", "time": "16:45:00", "content": "視聴者が知りたいニュース・情報をズバリお伝えします!テレビ朝日の系列局26局(ANN)が総力取材!いち早く正確な情報を届けます。", "url": "https://www.tv-asahi.co.jp/super-j/", "category": 5, "date": 1, "created_at": "2023-06-23T01:04:07Z"}}, {"model": "tvasahi.tv", "pk": 13, "fields": {"program_name": "家事ヤロウ!!!", "time": "19:00:00", "content": "バカリズム・中丸雄一・カズレーザーの家事初心者3人が家事をゼロから学ぶドキュメントバラエティー!家事の基礎を狭く・ユルく・深く学んでいく!", "url": "https://www.tv-asahi.co.jp/kajiyarou/", "category": 2, "date": 1, "created_at": "2023-06-23T01:04:47Z"}}, {"model": "tvasahi.tv", "pk": 14, "fields": {"program_name": "有吉クイズ SP【芸能人ひとりキャンプGPに出川!&有吉イチからうな重作り】", "time": "20:00:00", "content": "有吉弘行も解答者&謎の私生活密着で禁断クイズも!解答者がプライベートを切り売りしたり、体を張ってクイズを出題!", "url": "https://www.tv-asahi.co.jp/ariyoshiquiz/", "category": 2, "date": 1, "created_at": "2023-06-23T01:05:24Z"}}, {"model": "tvasahi.tv", "pk": 15, "fields": {"program_name": "私の幸福時間", "time": "21:48:00", "content": "あなたの「しあわせ」は、どこから?なにから?友人や家族と過ごす時間、歴史や文化に触れ合う時間、趣味に没頭する時間…誰もがもっている“大切なひととき\"をご紹介。", "url": "https://www.tv-asahi.co.jp/shiawasejikan/", "category": 7, "date": 1, "created_at": "2023-06-23T01:05:51Z"}}, {"model": "tvasahi.tv", "pk": 16, "fields": {"program_name": "報道ステーション", "time": "21:54:00", "content": "「深く、力強く、きょう色々。」大越健介キャスターが、きょう知りたいニュースを“深い洞察\"と“平たい言葉\"でお送りします。", "url": "https://www.tv-asahi.co.jp/hst/", "category": 1, "date": 1, "created_at": "2023-06-23T01:06:21Z"}}, {"model": "tvasahi.tv", "pk": 17, "fields": {"program_name": "世界の車窓から", "time": "23:10:00", "content": "ベトナム南北縦断1800キロの旅#10834『フエの王宮と学生たち』曲名♪「Ngay Phep Cua Linh」by.Phuong Tam", "url": "https://www.tv-asahi.co.jp/londonhearts/", "category": 7, "date": 1, "created_at": "2023-06-23T01:06:46Z"}}, {"model": "tvasahi.tv", "pk": 18, "fields": {"program_name": "ロンドンハーツ　うぬぼれ注意!オトコの自分番付", "time": "23:15:00", "content": "\"スタジオの売れっ子芸人7名を、元テレビ東京・森香澄アナが付き合いたい順にランク付け!!\r\nそのランキングを、芸人たち自身がガチ予想する禁断企画!!\"", "url": "https://www.tv-asahi.co.jp/londonhearts/", "category": 2, "date": 1, "created_at": "2023-06-23T01:07:27Z"}}, {"model": "tvasahi.tv", "pk": 19, "fields": {"program_name": "証言者バラエティ　アンタウォッチマン!", "time": "23:45:00", "content": "“今、見たい実力派芸人\"を取り上げ、彼らの時代を目撃した証人(=ウォッチマン)たちの証言から、“面白さの秘密\"を分析していく“証言者バラエティ\"!", "url": "https://www.tv-asahi.co.jp/antawatchman/", "category": 2, "date": 1, "created_at": "2023-06-23T01:08:18Z"}}, {"model": "tvasahi.tv", "pk": 20, "fields": {"program_name": "テレ朝番組みどころナビ", "time": "24:15:00", "content": "テレビ朝日のおすすめ番組をご紹介!", "url": null, "category": 2, "date": 1, "created_at": "2023-06-23T01:08:47Z"}}, {"model": "tvasahi.tv", "pk": 21, "fields": {"program_name": "ネオバズ!!　マッドマックスTV", "time": "24:20:00", "content": "予測不能…MCニューヨーク&さらば森田のアブナイ番組!", "url": "https://www.tv-asahi.co.jp/neobuzz/", "category": 2, "date": 1, "created_at": "2023-06-23T01:09:13Z"}}, {"model": "tvasahi.tv", "pk": 22, "fields": {"program_name": "全力坂", "time": "25:20:00", "content": "この坂を登り切れたら、自分の中の何かが変わる気がする。いや変わるはずだ。坂を全力で駆け上がる女性たちの姿と、話題の商品・エンタメ情報をお届けする深夜番組登場。", "url": "https://www.tv-asahi.co.jp/saka/", "category": 6, "date": 1, "created_at": "2023-06-23T01:09:48Z"}}, {"model": "tvasahi.tv", "pk": 23, "fields": {"program_name": "フリースタイルティーチャー", "time": "25:26:00", "content": "第3回「芸人ラッパーニューカマートーナメント」ニューカマー芸人ラッパーが激突!", "url": "https://www.tv-asahi.co.jp/freestyle_teacher/#/", "category": 2, "date": 1, "created_at": "2023-06-23T01:10:17Z"}}, {"model": "tvasahi.tv", "pk": 24, "fields": {"program_name": "140×875", "time": "25:56:00", "content": "Twitterの文字数制限140字の中で、表現の限界と可能性にハナコが挑戦する超実験的番組。コント・ドラマ・ロケ…あらゆる140字企画にチャレンジ!", "url": "https://douga.tv-asahi.co.jp/program/39544-39543", "category": 2, "date": 1, "created_at": "2023-06-23T01:10:46Z"}}, {"model": "tvasahi.tv", "pk": 25, "fields": {"program_name": "イワクラと吉住の番組", "time": "26:13:00", "content": "蛙亭・イワクラ×吉住が、街の人々が抱える“小さな悩みや秘密\"を聞いて本音で語り合うトークバラエティー。", "url": "https://douga.tv-asahi.co.jp/program/32424-32423", "category": 2, "date": 1, "created_at": "2023-06-23T01:12:58Z"}}, {"model": "tvasahi.tv", "pk": 26, "fields": {"program_name": "ランジャタイのがんばれ地上波!", "time": "26:30:00", "content": "ランジャタイのキー局初冠番組!テレビの定番企画を2人ならどう逸脱するのか…?　ランジャタイといっしょに「自由で新しい地上波テレビの表現」を模索する!", "url": "https://douga.tv-asahi.co.jp/program/36123-36122", "category": 2, "date": 1, "created_at": "2023-06-23T01:13:22Z"}}, {"model": "tvasahi.tv", "pk": 27, "fields": {"program_name": "ジェシカ美術部", "time": "26:47:00", "content": "真空ジェシカ初の冠番組!!真空ジェシカ+アート=違和感カオスバラエティー!?新進気鋭のアーティストとの作品制作やアートにまつわるコント披露など、内容盛りだくさん!!", "url": "https://douga.tv-asahi.co.jp/program/39552-39551", "category": 2, "date": 1, "created_at": "2023-06-23T01:13:51Z"}}, {"model": "tvasahi.tv", "pk": 28, "fields": {"program_name": "ワカコさんとマサルくんのお宅は買わないの??", "time": "27:04:00", "content": "ワカコさんとマサルくんにアナウンサーを目指す学生達が今話題の商品を紹介!その魅力と衝撃の価格にスタジオは驚きの連続!それでもお宅は買わないの??", "url": "https://ropping.tv-asahi.co.jp/tv/wm-wakako-masaru/", "category": 2, "date": 1, "created_at": "2023-06-23T01:14:15Z"}}, {"model": "tvasahi.tv", "pk": 29, "fields": {"program_name": "ミッドナイトマルシェ", "time": "27:30:00", "content": "ダイエット・美容・ヘアケア・健康・ライフ・キッチン・雑貨・宝飾・電化製品‥日本・米国を始め世界中の逸品を自宅でくつろぎながらショッピング!", "url": null, "category": 7, "date": 1, "created_at": "2023-06-23T01:14:40Z"}}, {"model": "tvasahi.tv", "pk": 30, "fields": {"program_name": "おはよう!時代劇　暴れん坊将軍9　#32", "time": "4:00", "content": "「母なればこそ!椿の花は知っていた」松平健▽凶悪な盗賊おぼろの藤兵衛一味を追っていた大岡忠相は、一味が荒れ寺を隠れ家としていることを突き止め、寺を急襲するが…", "url": null, "category": 1, "date": 2, "created_at": "2023-06-23T01:48:21Z"}}, {"model": "tvasahi.tv", "pk": 31, "fields": {"program_name": "グッド!モーニング", "time": "4:55", "content": "けさ知っておきたいニュースを独自目線でわかりやすく伝えます。林先生の「ことば検定」、依田さんの「お天気検定」、「ニュース検定」、「エンタメ検定」にも挑戦しよう!", "url": "http://www.tv-asahi.co.jp/goodmorning/", "category": 5, "date": 2, "created_at": "2023-06-23T01:49:15Z"}}, {"model": "tvasahi.tv", "pk": 32, "fields": {"program_name": "羽鳥慎一モーニングショー", "time": "8:00", "content": "羽鳥慎一が毎日の様々なニュースを、分かりやすくお伝えします。暮らしをよりよくする情報はもちろん、難しいことは何が問題なのか、パネルを駆使して読み解きます。", "url": "http://www.tv-asahi.co.jp/m-show/", "category": 5, "date": 2, "created_at": "2023-06-23T02:02:22Z"}}, {"model": "tvasahi.tv", "pk": 33, "fields": {"program_name": "じゅん散歩", "time": "9:55", "content": "三代目散歩人・高田純次が「東中野」を散策▽鮮魚店自慢のまぐろ&総菜▽SNSで話題のボードゲーム制作会社▽タンメン・チャーハン…中華料理のカード早出し対決!", "url": "http://www.tv-asahi.co.jp/junsanpo/", "category": 7, "date": 2, "created_at": "2023-06-23T02:02:48Z"}}, {"model": "tvasahi.tv", "pk": 34, "fields": {"program_name": "大下容子ワイド!スクランブル", "time": "10:25:00", "content": "スタジオの気鋭の識者たちが、視聴者に知っておいてもらいたい情報、抱いている疑問を深掘り解説!", "url": "http://www.tv-asahi.co.jp/scramble/", "category": 5, "date": 2, "created_at": "2023-06-23T02:03:23Z"}}, {"model": "tvasahi.tv", "pk": 35, "fields": {"program_name": "徹子の部屋", "time": "13:00:00", "content": "司会の黒柳徹子さんが、各界の著名人はもちろん、時の人、話題の人をゲストに迎え、絶妙の話術を駆使してゲストの魅力に迫る、昭和51年放送開始の長寿トーク番組です。", "url": "http://www.tv-asahi.co.jp/tetsuko/", "category": 2, "date": 2, "created_at": "2023-06-23T02:03:53Z"}}, {"model": "tvasahi.tv", "pk": 36, "fields": {"program_name": "DAIGOも台所　〜きょうの献立　何にする?〜　イチオシ!土鍋ごはん&おむすび", "time": "13:30:00", "content": "冷蔵庫の食材管理もしながら、家族の好みや栄養バランス、肉・魚・野菜のローテーションも考えて献立を決めるのは本当に大変…今日は先生がぜひ伝えたいレシピをご紹介!", "url": "https://onnela.asahi.co.jp/categories/daidokoro", "category": 7, "date": 2, "created_at": "2023-06-23T02:05:13Z"}}, {"model": "tvasahi.tv", "pk": 37, "fields": {"program_name": "東京サイト　「多摩六都科学館」", "time": "13:45:00", "content": "「東京・ミュージアム ぐるっとパス2023」は、幅広いジャンルの美術館や博物館など101の施設で、入場券や割引券として使えるチケット。今回は「多摩六都科学館」をご紹介。", "url": "http://www.tv-asahi.co.jp/t-site/", "category": 7, "date": 2, "created_at": "2023-06-23T02:05:52Z"}}, {"model": "tvasahi.tv", "pk": 38, "fields": {"program_name": "ANNニュース", "time": "13:49:00", "content": "正確なニュース・情報をいち早くお伝えするANNニュース!テレビ朝日系列の放送局26局が総力をあげ、緻密な取材にもとづいたニュースを最新機材を駆使して放送します。", "url": "http://news.tv-asahi.co.jp/", "category": 5, "date": 2, "created_at": "2023-06-23T02:06:20Z"}}, {"model": "tvasahi.tv", "pk": 39, "fields": {"program_name": "科捜研の女17　#15", "time": "13:54:00", "content": "「マリコvs顔面記憶男 逃亡犯500人を暴く謎のラーメン」沢口靖子▽目視で手配犯を逮捕する“見当たり捜査\"のプロが、手配犯を目撃しながら取り逃がしてしまい…", "url": "https://douga.tv-asahi.co.jp/program/24751-24787", "category": 1, "date": 2, "created_at": "2023-06-23T02:06:51Z"}}, {"model": "tvasahi.tv", "pk": 40, "fields": {"program_name": "刑事7人9　#3", "time": "14:51:00", "content": "「続く警察内部の暴露!老老介護の暴走息子…父の悲しき決断とは」東山紀之▽高齢夫婦宅に同居する息子が刺殺された。息子は近隣の評判が悪く、母親への暴力も。さらに…", "url": "http://www.tv-asahi.co.jp/keiji7_09/", "category": 1, "date": 2, "created_at": "2023-06-23T02:07:17Z"}}, {"model": "tvasahi.tv", "pk": 41, "fields": {"program_name": "相棒13　#18", "time": "15:48:00", "content": "「苦い水」水谷豊、成宮寛貴▽公園で見つかった男性の遺体の第一発見者は国会議員の片山雛子だった。雛子の恋人と噂されるもう一人の男性を巻き込み、事態は二転三転し…", "url": "https://www.tv-asahi.co.jp/aibou17/", "category": 1, "date": 2, "created_at": "2023-06-23T02:07:44Z"}}, {"model": "tvasahi.tv", "pk": 42, "fields": {"program_name": "スーパーJチャンネル", "time": "16:45:00", "content": "視聴者が知りたいニュース・情報をズバリお伝えします!テレビ朝日の系列局26局(ANN)が総力取材!いち早く正確な情報を届けます。", "url": "http://www.tv-asahi.co.jp/super-j/", "category": 5, "date": 2, "created_at": "2023-06-23T02:08:12Z"}}, {"model": "tvasahi.tv", "pk": 43, "fields": {"program_name": "くりぃむクイズ　ミラクル9　2時間SP", "time": "19:00:00", "content": "くりぃむしちゅー上田がMCを務める新感覚クイズバラエティ。有田チームとゲストキャプテン率いるチームとの対抗戦!著名人が様々なクイズに挑戦します", "url": "http://www.tv-asahi.co.jp/miracle9/", "category": 2, "date": 2, "created_at": "2023-06-23T02:08:38Z"}}, {"model": "tvasahi.tv", "pk": 44, "fields": {"program_name": "私の幸福時間", "time": "20:54:00", "content": "あなたの「しあわせ」は、どこから?なにから?友人や家族と過ごす時間、歴史や文化に触れ合う時間、趣味に没頭する時間…誰もがもっている“大切なひととき\"をご紹介。", "url": "http://www.tv-asahi.co.jp/shiawasejikan/", "category": 7, "date": 2, "created_at": "2023-06-23T02:09:03Z"}}, {"model": "tvasahi.tv", "pk": 45, "fields": {"program_name": "刑事7人　#4", "time": "21:00:00", "content": "8年前の家政婦による毒殺事件を再び調べていた弁護士が殺害された。当時、決定的証拠を掴んだのは鑑識の岡崎だった。岡崎の捏造疑惑を払拭できない天樹は捜査に向かうが…", "url": "http://www.tv-asahi.co.jp/keiji7_09/", "category": 1, "date": 2, "created_at": "2023-06-23T02:09:30Z"}}, {"model": "tvasahi.tv", "pk": 46, "fields": {"program_name": "報道ステーション", "time": "21:54:00", "content": "「深く、力強く、きょう色々。」大越健介キャスターが、きょう知りたいニュースを“深い洞察\"と“平たい言葉\"でお送りします。", "url": "http://www.tv-asahi.co.jp/hst/", "category": 5, "date": 2, "created_at": "2023-06-23T02:09:57Z"}}, {"model": "tvasahi.tv", "pk": 47, "fields": {"program_name": "博多華丸・大吉の世界水泳福岡ばい!", "time": "23:10:00", "content": "\"7月開幕!世界水泳福岡。常連客の博多大吉が通うのは元スイマー博多華丸の屋台“世界水泳\"\"。\r\n大会の注目ポイントや知れば通になる選手情報など旬なネタをお届けします!\"", "url": "http://www.tv-asahi.co.jp/matenbai/", "category": 2, "date": 2, "created_at": "2023-06-23T02:10:25Z"}}, {"model": "tvasahi.tv", "pk": 48, "fields": {"program_name": "かまいガチ", "time": "23:15:00", "content": "かまいたちの2人が今持てる全ての力を注ぎ込み“ガチでそのとき面白いと思うこと\"に挑戦するかまいたちの関東初冠レギュラー番組!", "url": "http://www.tv-asahi.co.jp/kamaigachi/", "category": 2, "date": 2, "created_at": "2023-06-23T02:10:51Z"}}, {"model": "tvasahi.tv", "pk": 49, "fields": {"program_name": "くりぃむナンタラ　日向坂46を遠隔操作ドッキリ完結編!お笑い怪物と化したアイドル", "time": "23:45:00", "content": "くりぃむら芸人軍団が日向坂46を遠隔操作!アイドルが突然お笑い無双に変身したら…ダイアン&ぺこぱが動揺&ガチギレ!後半戦の今回は大喜利対決!1万年後の津田に大爆笑", "url": "http://www.tv-asahi.co.jp/nantara/", "category": 2, "date": 2, "created_at": "2023-06-23T02:11:19Z"}}, {"model": "tvasahi.tv", "pk": 50, "fields": {"program_name": "テレ朝番組みどころナビ", "time": "24:15", "content": "テレビ朝日のおすすめ番組をご紹介!", "url": null, "category": 1, "date": 2, "created_at": "2023-06-23T02:11:48Z"}}, {"model": "tvasahi.tv", "pk": 51, "fields": {"program_name": "ネオバズ!!　恋するアテンダー", "time": "24:20", "content": "芸能界の人脈自慢「アテンダー」が恋人がいない芸能人「ロンリーさん」にピッタリの恋人候補を紹介!", "url": "http://www.tv-asahi.co.jp/neobuzz/", "category": 2, "date": 2, "created_at": "2023-06-23T02:42:23Z"}}, {"model": "tvasahi.tv", "pk": 52, "fields": {"program_name": "全力坂", "time": "25:20", "content": "この坂を登り切れたら、自分の中の何かが変わる気がする。いや変わるはずだ。坂を全力で駆け上がる女性たちの姿と、話題の商品・エンタメ情報をお届けする深夜番組登場。", "url": "http://www.tv-asahi.co.jp/saka/", "category": 2, "date": 2, "created_at": "2023-06-23T02:43:20Z"}}, {"model": "tvasahi.tv", "pk": 53, "fields": {"program_name": "Break　Out", "time": "25:26", "content": "様々なシーンの最前線で活躍するアーティストたちに愛を捧げ、その素顔や魅力を発掘する音楽番組。", "url": "http://www.tv-asahi.co.jp/break-out/", "category": 3, "date": 2, "created_at": "2023-06-23T02:44:02Z"}}, {"model": "tvasahi.tv", "pk": 54, "fields": {"program_name": "岩井&花澤　まんが未知", "time": "25:56", "content": "《芸能人×漫画家》未知なる才能を掛け算する新感覚漫画バラエティ!", "url": "https://douga.tv-asahi.co.jp/program/25963-25962", "category": 2, "date": 2, "created_at": "2023-06-23T02:44:45Z"}}, {"model": "tvasahi.tv", "pk": 55, "fields": {"program_name": "シソンヌ長谷川×○○のキマリ INI高塚&田島&松田参戦!これまでの人生を振り返る!", "time": "26:13", "content": "世代No.1コント師との呼び声高いシソンヌ長谷川と若い世代に支持されるアーティストがコラボ!一般の方々の「マイルール」=“キマリ\"を肴に本音をぶつけあうトーク番組!", "url": null, "category": 2, "date": 2, "created_at": "2023-06-23T02:45:07Z"}}, {"model": "tvasahi.tv", "pk": 56, "fields": {"program_name": "ミセススクールクエスト", "time": "26:30", "content": "ミセスが新たな高校へ!教室にサプライズ突撃するが、もぬけの殻!?いったい何が?バスケ部では部長に“3on1\"で挑む大人気ない戦いで、今回こそ勝利できるのか!?", "url": null, "category": 2, "date": 2, "created_at": "2023-06-23T02:45:30Z"}}, {"model": "tvasahi.tv", "pk": 57, "fields": {"program_name": "杉谷拳士が取材中", "time": "26:47", "content": "杉谷拳士のYouTubeで100万再生超え企画を再現!?社長だけがつくることが出来る特殊なカードを杉谷が取材!", "url": "https://douga.tv-asahi.co.jp/program/39558-39557", "category": 2, "date": 2, "created_at": "2023-06-23T02:46:06Z"}}, {"model": "tvasahi.tv", "pk": 58, "fields": {"program_name": "ワカコさんとマサルくんのお宅は買わないの??", "time": "27:04", "content": "ワカコさんとマサルくんにアナウンサーを目指す学生達が今話題の商品を紹介!その魅力と衝撃の価格にスタジオは驚きの連続!それでもお宅は買わないの??", "url": "https://ropping.tv-asahi.co.jp/tv/wm-wakako-masaru/", "category": 2, "date": 2, "created_at": "2023-06-23T02:46:29Z"}}, {"model": "tvasahi.tv", "pk": 59, "fields": {"program_name": "ミッドナイトマルシェ", "time": "27:30", "content": "ダイエット・美容・ヘアケア・健康・ライフ・キッチン・雑貨・宝飾・電化製品‥日本・米国を始め世界中の逸品を自宅でくつろぎながらショッピング!", "url": null, "category": 7, "date": 2, "created_at": "2023-06-23T02:47:02Z"}}, {"model": "tvasahi.tv", "pk": 61, "fields": {"program_name": "おはよう!時代劇　暴れん坊将軍9　#33", "time": "4:00", "content": "「辻斬り必殺剣の秘密!?幻の御前試合」松平健▽江戸の町に高利貸しや悪徳両替商ばかりを狙う辻斬りが出没していた。そんなある夜、忠相は覆面姿の辻斬りに遭遇するが…", "url": null, "category": 1, "date": 3, "created_at": "2023-06-23T07:16:43Z"}}, {"model": "tvasahi.tv", "pk": 62, "fields": {"program_name": "グッド!モーニング", "time": "4:55", "content": "けさ知っておきたいニュースを独自目線でわかりやすく伝えます。林先生の「ことば検定」、依田さんの「お天気検定」、「ニュース検定」、「エンタメ検定」にも挑戦しよう!", "url": "http://www.tv-asahi.co.jp/goodmorning/", "category": 5, "date": 3, "created_at": "2023-06-23T07:17:10Z"}}, {"model": "tvasahi.tv", "pk": 63, "fields": {"program_name": "羽鳥慎一モーニングショー", "time": "8:00", "content": "羽鳥慎一が毎日の様々なニュースを、分かりやすくお伝えします。暮らしをよりよくする情報はもちろん、難しいことは何が問題なのか、パネルを駆使して読み解きます。", "url": "https://www.tv-asahi.co.jp/m-show/", "category": 5, "date": 3, "created_at": "2023-06-23T07:17:47Z"}}, {"model": "tvasahi.tv", "pk": 64, "fields": {"program_name": "じゅん散歩", "time": "9:55", "content": "三代目散歩人・高田純次が「新中野」を散策▽歴史ある商店街 鍋屋横丁▽色鮮やか…トルコの伝統じゅうたん・キリム▽南米チリの料理店 陽気な店主の爆笑エピソード", "url": "https://www.tv-asahi.co.jp/junsanpo/", "category": 2, "date": 3, "created_at": "2023-06-23T07:18:13Z"}}, {"model": "tvasahi.tv", "pk": 65, "fields": {"program_name": "大下容子ワイド!スクランブル", "time": "10:25", "content": "スタジオの気鋭の識者たちが、視聴者に知っておいてもらいたい情報、抱いている疑問を深掘り解説!", "url": "http://www.tv-asahi.co.jp/scramble/", "category": 5, "date": 3, "created_at": "2023-06-23T07:18:46Z"}}, {"model": "tvasahi.tv", "pk": 66, "fields": {"program_name": "徹子の部屋", "time": "13:00", "content": "司会の黒柳徹子さんが、各界の著名人はもちろん、時の人、話題の人をゲストに迎え、絶妙の話術を駆使してゲストの魅力に迫る、昭和51年放送開始の長寿トーク番組です。", "url": "https://www.tv-asahi.co.jp/tetsuko/", "category": 2, "date": 3, "created_at": "2023-06-23T07:19:14Z"}}, {"model": "tvasahi.tv", "pk": 67, "fields": {"program_name": "DAIGOも台所　〜きょうの献立　何にする?〜　目指せ美ボディ!夏野菜のスープ", "time": "13:30", "content": "冷蔵庫の食材管理もしながら、家族の好みや栄養バランス、肉・魚・野菜のローテーションも考えて献立を決めるのは本当に大変…日々の料理の悩みにこたえる献立を複数提案!", "url": "https://onnela.asahi.co.jp/categories/daidokoro", "category": 7, "date": 3, "created_at": "2023-06-23T07:19:46Z"}}, {"model": "tvasahi.tv", "pk": 68, "fields": {"program_name": "東京サイト　「小平市平櫛田中彫刻美術館」", "time": "13:45", "content": "「東京・ミュージアム ぐるっとパス」は、幅広いジャンルの美術館や博物館など101の施設で、入場券や割引券として使えるチケット。今回は「平櫛田中彫刻美術館」をご紹介。", "url": "https://www.tv-asahi.co.jp/t-site/", "category": 7, "date": 3, "created_at": "2023-06-23T07:20:16Z"}}, {"model": "tvasahi.tv", "pk": 69, "fields": {"program_name": "ANNニュース", "time": "13:49", "content": "正確なニュース・情報をいち早くお伝えするANNニュース!テレビ朝日系列の放送局26局が総力をあげ、緻密な取材にもとづいたニュースを最新機材を駆使して放送します。", "url": "https://news.tv-asahi.co.jp/", "category": 5, "date": 3, "created_at": "2023-06-23T07:20:43Z"}}, {"model": "tvasahi.tv", "pk": 70, "fields": {"program_name": "森村誠一の終着駅シリーズ36　雪の螢", "time": "13:54", "content": "「信州諏訪〜老舗料亭の跡目を狙う女達の争い!!疑惑の妻が夫の愛人を殺した!?牛尾刑事が追う冬の日に飛んだ螢の秘密」片岡鶴太郎", "url": "https://douga.tv-asahi.co.jp/program/24092-24091/24090", "category": 1, "date": 3, "created_at": "2023-06-23T07:21:13Z"}}, {"model": "tvasahi.tv", "pk": 71, "fields": {"program_name": "相棒5　#14", "time": "15:48", "content": "「貢ぐ女」水谷豊、寺脇康文▽薫は女性がバッグをひったくられるところを目撃。犯人を取り逃がし、彼女を交番へ連れていくが、なぜか女性は名前も告げず姿を消してしまう。", "url": "https://www.tv-asahi.co.jp/aibou17/", "category": 1, "date": 3, "created_at": "2023-06-23T07:21:41Z"}}, {"model": "tvasahi.tv", "pk": 72, "fields": {"program_name": "スーパーJチャンネル", "time": "16:45", "content": "視聴者が知りたいニュース・情報をズバリお伝えします!テレビ朝日の系列局26局(ANN)が総力取材!いち早く正確な情報を届けます。", "url": "https://www.tv-asahi.co.jp/super-j/", "category": 5, "date": 3, "created_at": "2023-06-23T07:22:04Z"}}, {"model": "tvasahi.tv", "pk": 73, "fields": {"program_name": "林修の今知りたいでしょ!　3時間SP", "time": "19:00", "content": "普段は教える立場の林修先生が生徒に変身!様々な分野に精通した講師が集まり、林修先生に知らない世界をレクチャーします!このタメになる講座いつ受けるか?今でしょ!", "url": "https://www.tv-asahi.co.jp/imadesho/", "category": 2, "date": 3, "created_at": "2023-06-23T07:22:30Z"}}, {"model": "tvasahi.tv", "pk": 74, "fields": {"program_name": "私の幸福時間", "time": "21:48", "content": "あなたの「しあわせ」は、どこから?なにから?友人や家族と過ごす時間、歴史や文化に触れ合う時間、趣味に没頭する時間…誰もがもっている“大切なひととき\"をご紹介。", "url": "https://www.tv-asahi.co.jp/shiawasejikan/", "category": 7, "date": 3, "created_at": "2023-06-23T07:22:57Z"}}, {"model": "tvasahi.tv", "pk": 75, "fields": {"program_name": "報道ステーション", "time": "21:54", "content": "「深く、力強く、きょう色々。」大越健介キャスターが、きょう知りたいニュースを“深い洞察\"と“平たい言葉\"でお送りします。", "url": "https://www.tv-asahi.co.jp/hst/", "category": 5, "date": 3, "created_at": "2023-06-23T07:23:50Z"}}, {"model": "tvasahi.tv", "pk": 76, "fields": {"program_name": "EXITのモータースポーツ応援宣言", "time": "23:10", "content": "一般道を舞台にした究極のモータースポーツ「世界ラリー」の魅力を、EXITの2人が楽しくお伝えします!11月に行われるラリージャパンや国内ラリーの情報も!!", "url": "https://www.tv-asahi.co.jp/motor-sports/", "category": 2, "date": 3, "created_at": "2023-06-23T07:24:38Z"}}, {"model": "tvasahi.tv", "pk": 77, "fields": {"program_name": "アメトーーク!", "time": "23:15", "content": "毎回、共通のテーマを持った○○芸人たちがトークを展開", "url": "https://www.tv-asahi.co.jp/ametalk/", "category": 2, "date": 3, "created_at": "2023-06-23T07:25:08Z"}}, {"model": "tvasahi.tv", "pk": 79, "fields": {"program_name": "テレ朝番組みどころナビ", "time": "24:15", "content": "テレビ朝日のおすすめ番組をご紹介!", "url": null, "category": 2, "date": 3, "created_at": "2023-06-23T07:35:28Z"}}, {"model": "tvasahi.tv", "pk": 80, "fields": {"program_name": "ネオバズ!!　ヒロミ・指原の恋のお世話始めました", "time": "24:20", "content": "ヒロミと指原が“芸能人リアル合コン\"での出会い・恋愛を応援!黒ギャルと超くびれ美女が大物俳優2世のイケメンダンサーに猛アタック!", "url": "http://www.tv-asahi.co.jp/neobuzz/", "category": 2, "date": 3, "created_at": "2023-06-23T07:36:15Z"}}, {"model": "tvasahi.tv", "pk": 81, "fields": {"program_name": "全力坂", "time": "25:20", "content": "この坂を登り切れたら、自分の中の何かが変わる気がする。いや変わるはずだ。坂を全力で駆け上がる女性たちの姿と、話題の商品・エンタメ情報をお届けする深夜番組登場。", "url": "http://www.tv-asahi.co.jp/saka/", "category": 6, "date": 3, "created_at": "2023-06-23T07:36:47Z"}}, {"model": "tvasahi.tv", "pk": 82, "fields": {"program_name": "世界水泳ウルトラ宣言", "time": "25:26", "content": "7月に開幕する世界水泳福岡!番組のテーマは「過去の世界水泳を超える」!日本代表選手のストーリーや不滅の世界記録に挑む海外スイマーを、松岡修造らが全力プレゼン!", "url": "http://www.tv-asahi.co.jp/ultra-sengen/", "category": 6, "date": 3, "created_at": "2023-06-23T07:38:58Z"}}, {"model": "tvasahi.tv", "pk": 83, "fields": {"program_name": "サクラミーツ", "time": "25:56", "content": "櫻坂46×芸人の実験的コントバラエティー!!", "url": null, "category": 2, "date": 3, "created_at": "2023-06-23T07:39:32Z"}}, {"model": "tvasahi.tv", "pk": 84, "fields": {"program_name": "〜なぜここにいるの?〜ごみ物語", "time": "26:13", "content": "芸人・ごみ清掃員として活躍するマシンガンズ・滝沢秀一と、さらば青春の光・森田哲矢、岡野陽一が、ごみ拾いをしながら物語を妄想する、地球に優しいロケ番組!", "url": "https://douga.tv-asahi.co.jp/program/37688-39602", "category": 2, "date": 3, "created_at": "2023-06-23T07:40:05Z"}}, {"model": "tvasahi.tv", "pk": 85, "fields": {"program_name": "トンツカタン森本&フワちゃんの「Thursday　Night　Show」", "time": "26:30", "content": "トンツカタン森本&フワちゃんの親友2人がお届けする“ゆるゆる英会話バラエティ\"", "url": "https://douga.tv-asahi.co.jp/program/36108-36107", "category": 2, "date": 3, "created_at": "2023-06-23T07:40:29Z"}}, {"model": "tvasahi.tv", "pk": 86, "fields": {"program_name": "ソレいる?六本木会議", "time": "26:47", "content": "世の中にありふれる「ソレいる?」を成田悠輔と久保田直子が本音で議論し、新時代への提言までしてしまうスクラップ・アンド・ビルド・バラエティ!", "url": null, "category": 2, "date": 3, "created_at": "2023-06-23T07:41:08Z"}}, {"model": "tvasahi.tv", "pk": 87, "fields": {"program_name": "ワカコさんとマサルくんのお宅は買わないの??", "time": "27:04", "content": "ワカコさんとマサルくんにアナウンサーを目指す学生達が今話題の商品を紹介!その魅力と衝撃の価格にスタジオは驚きの連続!それでもお宅は買わないの??", "url": "https://ropping.tv-asahi.co.jp/tv/wm-wakako-masaru/", "category": 2, "date": 3, "created_at": "2023-06-23T07:41:34Z"}}, {"model": "tvasahi.tv", "pk": 88, "fields": {"program_name": "ショッピングなう", "time": "27:30", "content": "今すぐ気軽にショッピング!お得な情報盛りだくさん!みんなで一緒にショッピングなう!", "url": null, "category": 7, "date": 3, "created_at": "2023-06-23T07:42:09Z"}}, {"model": "tvasahi.tv", "pk": 89, "fields": {"program_name": "おはよう!時代劇　暴れん坊将軍9　#34", "time": "4:00", "content": "▽盗賊・夜鴉一味が江戸の町を荒らし回っていた。そんな中、長次郎は一味が薬種問屋に押し入っているところに遭遇し…", "url": null, "category": 1, "date": 4, "created_at": "2023-06-23T07:42:58Z"}}, {"model": "tvasahi.tv", "pk": 90, "fields": {"program_name": "グッド!モーニング", "time": "4:55", "content": "けさ知っておきたいニュースを独自目線でわかりやすく伝えます。林先生の「ことば検定」、依田さんの「お天気検定」、「ニュース検定」、「エンタメ検定」にも挑戦しよう!", "url": "http://www.tv-asahi.co.jp/goodmorning/", "category": 5, "date": 4, "created_at": "2023-06-23T07:43:25Z"}}, {"model": "tvasahi.tv", "pk": 91, "fields": {"program_name": "羽鳥慎一モーニングショー", "time": "8:00", "content": "羽鳥慎一が毎日の様々なニュースを、分かりやすくお伝えします。暮らしをよりよくする情報はもちろん、難しいことは何が問題なのか、パネルを駆使して読み解きます。", "url": "http://www.tv-asahi.co.jp/m-show/", "category": 5, "date": 4, "created_at": "2023-06-23T07:43:51Z"}}, {"model": "tvasahi.tv", "pk": 92, "fields": {"program_name": "じゅん散歩", "time": "9:55", "content": "三代目散歩人・高田純次が「中野富士見町」を散策▽新宿から4駅 巨大な地下鉄車両基地▽与那国島の味!沖縄の濃厚ラーメン▽人気店で味わう…しょうゆを使ったかき氷", "url": "http://www.tv-asahi.co.jp/junsanpo/", "category": 2, "date": 4, "created_at": "2023-06-23T07:44:20Z"}}, {"model": "tvasahi.tv", "pk": 93, "fields": {"program_name": "大下容子ワイド!スクランブル", "time": "10:25", "content": "スタジオの気鋭の識者たちが、視聴者に知っておいてもらいたい情報、抱いている疑問を深掘り解説!", "url": "http://www.tv-asahi.co.jp/scramble/", "category": 5, "date": 4, "created_at": "2023-06-23T07:44:45Z"}}, {"model": "tvasahi.tv", "pk": 94, "fields": {"program_name": "徹子の部屋", "time": "13:00", "content": "司会の黒柳徹子さんが、各界の著名人はもちろん、時の人、話題の人をゲストに迎え、絶妙の話術を駆使してゲストの魅力に迫る、昭和51年放送開始の長寿トーク番組です。", "url": "http://www.tv-asahi.co.jp/tetsuko/", "category": 2, "date": 4, "created_at": "2023-06-23T07:45:11Z"}}, {"model": "tvasahi.tv", "pk": 95, "fields": {"program_name": "DAIGOも台所　〜きょうの献立　何にする?〜　超簡単!ボクでもできる!金曜日", "time": "13:30", "content": "冷蔵庫の食材管理もしながら、家族の好みや栄養バランス、肉・魚・野菜のローテーションも考えて献立を決めるのは大変…今日は料理初心者でも一人で作れる簡単レシピを紹介", "url": "https://onnela.asahi.co.jp/categories/daidokoro", "category": 7, "date": 4, "created_at": "2023-06-23T07:45:35Z"}}, {"model": "tvasahi.tv", "pk": 96, "fields": {"program_name": "東京サイト　「清澄庭園」", "time": "13:45", "content": "「東京・ミュージアム ぐるっとパス2023」は、幅広いジャンルの美術館や博物館など101の施設で、入場券や割引券として使えるチケット。今回は「清澄庭園」を紹介します!", "url": "http://www.tv-asahi.co.jp/t-site/", "category": 7, "date": 4, "created_at": "2023-06-23T07:46:07Z"}}, {"model": "tvasahi.tv", "pk": 97, "fields": {"program_name": "ANNニュース", "time": "13:49", "content": "正確なニュース・情報をいち早くお伝えするANNニュース!テレビ朝日系列の放送局26局が総力をあげ、緻密な取材にもとづいたニュースを最新機材を駆使して放送します。", "url": "http://news.tv-asahi.co.jp/", "category": 5, "date": 4, "created_at": "2023-06-23T07:46:38Z"}}, {"model": "tvasahi.tv", "pk": 98, "fields": {"program_name": "午後もじゅん散歩", "time": "13:54", "content": "三代目散歩人・高田純次が「名古屋」を散策▽徳川家康ゆかりの名古屋城へ▽みそかつ&きしめん&総工費130億の金ピカ御殿▽水族館でベルーガの輪&大迫力のシャチ観賞", "url": "http://www.tv-asahi.co.jp/junsanpo/", "category": 7, "date": 4, "created_at": "2023-06-23T07:47:03Z"}}, {"model": "tvasahi.tv", "pk": 99, "fields": {"program_name": "科捜研の女17　#16", "time": "14:52", "content": "「海から来た殺人者!?マリコvs謎の海洋生物 決死の解剖」沢口靖子▽有名ファッションデザイナーが自宅兼店舗で絞殺された。現場の床はなぜか水で濡れていて…", "url": null, "category": 1, "date": 4, "created_at": "2023-06-23T07:47:32Z"}}, {"model": "tvasahi.tv", "pk": 100, "fields": {"program_name": "相棒8　#16", "time": "15:48", "content": "「隠されていた顔」水谷豊、及川光博▽学生の間で喫煙所となっている大学の倉庫が爆発し、中にいた准教授が死亡した。偶然現場に居合わせた右京と尊が捜査を開始すると…", "url": "https://www.tv-asahi.co.jp/aibou17/", "category": 1, "date": 4, "created_at": "2023-06-23T07:48:01Z"}}, {"model": "tvasahi.tv", "pk": 101, "fields": {"program_name": "スーパーJチャンネル", "time": "16:45", "content": "視聴者が知りたいニュース・情報をズバリお伝えします!テレビ朝日の系列局26局(ANN)が総力取材!いち早く正確な情報を届けます。", "url": "http://www.tv-asahi.co.jp/super-j/", "category": 5, "date": 4, "created_at": "2023-06-23T07:48:23Z"}}, {"model": "tvasahi.tv", "pk": 102, "fields": {"program_name": "ザワつく!金曜日", "time": "18:50", "content": "長嶋一茂&石原良純&高嶋ちさ子のなんでもややこしくしちゃう3人が好き勝手に喋りまくる!愉快!痛快!言いたい放題バラエティー!", "url": "http://www.tv-asahi.co.jp/zawatsukufriday/", "category": 2, "date": 4, "created_at": "2023-06-23T07:48:53Z"}}, {"model": "tvasahi.tv", "pk": 103, "fields": {"program_name": "高嶋ちさ子のザワつく!音楽会", "time": "19:56", "content": "※詳細が決まり次第、お知らせいたします。", "url": "https://www.tv-asahi.co.jp/zawatsukufriday/information/ongakukai_2022.html", "category": 3, "date": 4, "created_at": "2023-06-23T07:49:19Z"}}, {"model": "tvasahi.tv", "pk": 104, "fields": {"program_name": "私の幸福時間", "time": "21:48", "content": "あなたの「しあわせ」は、どこから?なにから?友人や家族と過ごす時間、歴史や文化に触れ合う時間、趣味に没頭する時間…誰もがもっている“大切なひととき\"をご紹介。", "url": "http://www.tv-asahi.co.jp/shiawasejikan/", "category": 7, "date": 4, "created_at": "2023-06-23T07:49:49Z"}}, {"model": "tvasahi.tv", "pk": 105, "fields": {"program_name": "報道ステーション", "time": "21:54", "content": "「深く、力強く、きょう色々。」大越健介キャスターが、きょう知りたいニュースを“深い洞察\"と“平たい言葉\"でお送りします。", "url": "http://www.tv-asahi.co.jp/hst/", "category": 5, "date": 4, "created_at": "2023-06-23T07:50:15Z"}}, {"model": "tvasahi.tv", "pk": 106, "fields": {"program_name": "気づきの扉", "time": "23:10", "content": "料理は「正しさ」ではなく「心地よさ」。今回の主人公は、スープ作家の有賀薫さんです。気づきの扉", "url": "http://www.tv-asahi.co.jp/kizuki/", "category": 5, "date": 4, "created_at": "2023-06-23T07:50:43Z"}}, {"model": "tvasahi.tv", "pk": 107, "fields": {"program_name": "あざとくて何が悪いの?　特別編", "time": "23:15", "content": "猛毒注意!!山里亮太×田中みな実×弘中綾香という危険すぎる3人が“あざとい男女\"の言動について徹底トーク!!", "url": "http://www.tv-asahi.co.jp/azatokute/", "category": 2, "date": 4, "created_at": "2023-06-23T07:51:07Z"}}, {"model": "tvasahi.tv", "pk": 108, "fields": {"program_name": "港時間", "time": "24:15", "content": "【イングランド/リバプール】今年の全英オープンの開催地となるリバプール。港を礎に築かれたこの街で、海や船との繋がりを感じることができる“港時間\"とは…", "url": "http://www.tv-asahi.co.jp/minato/", "category": 5, "date": 4, "created_at": "2023-06-26T01:14:43Z"}}, {"model": "tvasahi.tv", "pk": 109, "fields": {"program_name": "出川一茂ホラン☆フシギの会", "time": "24:20", "content": "芸能界を代表するアンコントロールな2人“出川哲朗\"&“長嶋一茂\"そして日本一おじさんタレントの扱いが上手い“ホラン千秋\"今までになかったフシギMCトリオの番組!", "url": "http://www.tv-asahi.co.jp/fushiginokai/", "category": 2, "date": 4, "created_at": "2023-06-26T01:15:27Z"}}, {"model": "tvasahi.tv", "pk": 110, "fields": {"program_name": "ネオバズ!!　しくじり先生　俺みたいになるな!!　HIPHOPアーティストAK-69先生", "time": "24:50", "content": "青春時代に「勘違いしたカッコつけ行為」を繰り返し少年院へ。音楽とひたむきに努力する友人に救われ「本当のカッコよさ」を学んだ先生が目標や夢を持つ大切さを伝えます。", "url": "http://www.tv-asahi.co.jp/neobuzz/", "category": 2, "date": 4, "created_at": "2023-06-26T01:15:50Z"}}, {"model": "tvasahi.tv", "pk": 111, "fields": {"program_name": "よふかしゴーちゃん。", "time": "25:20", "content": "テレ朝マスコット『ゴーちゃん。』が番組・映画・イベントなど最新情報をおとどけ!エクスパンダ星から地球にやってきたゴーちゃん。今夜の注目はなにかな?", "url": null, "category": 2, "date": 4, "created_at": "2023-06-26T01:16:23Z"}}, {"model": "tvasahi.tv", "pk": 112, "fields": {"program_name": "朝まで生テレビ!", "time": "25:25", "content": "深夜番組に革命を起こした、1987年スタートのテレビ界を代表する討論番組。四半世紀以上、様々なテーマで日本・日本人を論じています。", "url": "http://www.tv-asahi.co.jp/asanama/", "category": 5, "date": 4, "created_at": "2023-06-26T01:16:45Z"}}, {"model": "tvasahi.tv", "pk": 113, "fields": {"program_name": "朝まで生テレビ!", "time": "1:25", "content": "深夜番組に革命を起こした、1987年スタートのテレビ界を代表する討論番組。四半世紀以上、様々なテーマで日本・日本人を論じています。", "url": "http://www.tv-asahi.co.jp/asanama/", "category": 5, "date": 5, "created_at": "2023-06-26T01:17:18Z"}}, {"model": "tvasahi.tv", "pk": 114, "fields": {"program_name": "渡辺篤史の建もの探訪", "time": "4:25", "content": "「四方を囲まれても光が降り注ぐ家」東京都中野区・酒井邸", "url": "http://www.tv-asahi.co.jp/tatemono/", "category": 5, "date": 5, "created_at": "2023-06-26T01:17:50Z"}}, {"model": "tvasahi.tv", "pk": 115, "fields": {"program_name": "テレメンタリー2023「ゲンは忘れない〜“50年後\"の広島で〜」", "time": "4:50", "content": "漫画「はだしのゲン」は、現在24の言語に翻訳され、世界に被爆の実相を伝えている。「ゲン」の翻訳者たちは広島で開催されたG7サミットをどのような思いで見つめたのか?", "url": "http://www.tv-asahi.co.jp/telementary/", "category": 5, "date": 5, "created_at": "2023-06-26T01:18:21Z"}}, {"model": "tvasahi.tv", "pk": 116, "fields": {"program_name": "日本のチカラ", "time": "5:20", "content": "レトロな雰囲気が残る小さな町…ここで発行されている手書きの新聞。活躍する子ども記者とスタッフ、地域の人々の心温まるふれあいを見つめます。", "url": "http://www.tv-asahi.co.jp/nipponnochikara/", "category": 5, "date": 5, "created_at": "2023-06-26T01:18:51Z"}}, {"model": "tvasahi.tv", "pk": 117, "fields": {"program_name": "ANNニュース", "time": "5:50", "content": "正確なニュース・情報をいち早くお伝えするANNニュース!テレビ朝日系列の放送局26局が総力をあげ、緻密な取材にもとづいたニュースを最新機材を駆使して放送します。", "url": "http://news.tv-asahi.co.jp/", "category": 5, "date": 5, "created_at": "2023-06-26T01:19:19Z"}}, {"model": "tvasahi.tv", "pk": 118, "fields": {"program_name": "週刊ニュースリーダー", "time": "6:00", "content": "一週間で起きた様々なニュースの中で、街ゆく人々が気になった人物をランキング形式で紹介する新しい土曜朝のニュースショー!城島茂が各界のリーダーを現場取材します!", "url": "http://www.tv-asahi.co.jp/new_leader/", "category": 5, "date": 5, "created_at": "2023-06-26T01:19:44Z"}}, {"model": "tvasahi.tv", "pk": 119, "fields": {"program_name": "朝だ!生です旅サラダ", "time": "8:00", "content": "海外・国内の豪華な旅から、気軽な温泉旅や身近な日帰り旅まで…幅広い旅のスタイルを提案する情報番組。毎週素敵なゲストが登場!中丸雄一(KAT-TUN)全国各地で奮闘中!", "url": "http://www.tv-asahi.co.jp/tsalada/", "category": 7, "date": 5, "created_at": "2023-06-26T01:20:18Z"}}, {"model": "tvasahi.tv", "pk": 120, "fields": {"program_name": "食彩の王国「野性味あふれる山地酪農…さわやかに香るミルク〜岩手フレンチの技」", "time": "9:30", "content": "本日は野性味満点!山地酪農の絶品ミルクです。万能食材・ミルクの魅力とともに、岩手の山地酪農を独自に切り開いた家族の苦労物語…さらに、岩手フレンチの新作も必見です", "url": "http://www.tv-asahi.co.jp/syokusai/", "category": 7, "date": 5, "created_at": "2023-06-26T01:20:47Z"}}, {"model": "tvasahi.tv", "pk": 121, "fields": {"program_name": "しあわせのたね。", "time": "9:55", "content": "2030年までに、持続可能でよりよい世界を目指す国際目標「SDGs」。番組では、未来に向けた“はじめの一歩\"を実践している人たちに注目して紹介していきます。", "url": "http://www.tv-asahi.co.jp/shiawasenotane/", "category": 5, "date": 5, "created_at": "2023-06-26T01:21:11Z"}}, {"model": "tvasahi.tv", "pk": 122, "fields": {"program_name": "題名のない音楽会", "time": "10:00", "content": "「DREAMS COME TRUEをオーケストラアレンジする音楽会」…ドリカムの中村正人さんを迎えてサウンド作りの狙いを伺いつつ、オーケストラ編曲でドリカムの名曲を披露!", "url": "http://www.tv-asahi.co.jp/daimei/", "category": 3, "date": 5, "created_at": "2023-06-26T01:21:38Z"}}, {"model": "tvasahi.tv", "pk": 123, "fields": {"program_name": "買いドキ!生放送ショッピング　期間限定商品を手にする大チャンス!お見逃しなく!", "time": "10:30", "content": "買いドキ!生放送ショッピング　生放送だからできる旬な商品をご紹介します!期間限定商品を手にする大チャンス!届いたその日からあなたの生活が変わる!お見逃しなく!", "url": null, "category": 5, "date": 5, "created_at": "2023-06-26T01:22:11Z"}}, {"model": "tvasahi.tv", "pk": 124, "fields": {"program_name": "バスケ☆FIVE〜日本バスケ応援宣言〜", "time": "11:00", "content": "MCのハライチ澤部を中心にした日本バスケ応援番組☆日本代表、Bリーグ、Wリーグ、NBAに加え、高校バスケなど、知ってほしいバスケ情報を凝縮し全国にお伝えします!!", "url": "http://www.tv-asahi.co.jp/b-five/", "category": 6, "date": 5, "created_at": "2023-06-26T01:22:39Z"}}, {"model": "tvasahi.tv", "pk": 125, "fields": {"program_name": "ラブ!!Jリーグ", "time": "11:15", "content": "EXIT・りんたろー。と霜降り明星・せいやを中心に、“サッカー初心者\"や、かつて熱狂した“親世代\"に、今こそJリーグの魅力を“LOVE\"全開でお届けします!!", "url": "http://www.tv-asahi.co.jp/chant-j/", "category": 2, "date": 5, "created_at": "2023-06-26T01:23:06Z"}}, {"model": "tvasahi.tv", "pk": 126, "fields": {"program_name": "杉谷拳士が取材中　傑作選", "time": "11:30", "content": "杉谷拳士の初冠番組!気になる“場所\"や“ヒト\"を取材し、全力で学び、全力で応援!毎週水曜深夜に放送中!ロケの達人・なすなかにしから“街ブラ\"ロケの極意を学ぶ!", "url": null, "category": 7, "date": 5, "created_at": "2023-06-26T01:23:38Z"}}, {"model": "tvasahi.tv", "pk": 127, "fields": {"program_name": "ANNニュース", "time": "11:45", "content": "正確なニュース・情報をいち早くお伝えするANNニュース!テレビ朝日系列の放送局26局が総力をあげ、緻密な取材にもとづいたニュースを最新機材を駆使して放送します。さらに理解するための基礎知識をわかりやすく解説します", "url": "http://news.tv-asahi.co.jp/", "category": 5, "date": 5, "created_at": "2023-06-26T01:24:04Z"}}, {"model": "tvasahi.tv", "pk": 128, "fields": {"program_name": "中居正広のキャスターな会", "time": "12:00", "content": "日々のニュースで目にするキーワードの「そもそもの意味」「背景」「歴史」をパネルや模型を使って“見える化\"", "url": "http://www.tv-asahi.co.jp/nakai_news/", "category": 5, "date": 5, "created_at": "2023-06-26T01:24:33Z"}}, {"model": "tvasahi.tv", "pk": 129, "fields": {"program_name": "TVクリップ", "time": "13:26", "content": "人気番組の最新情報をギュッと凝縮してお届けします!", "url": null, "category": 2, "date": 5, "created_at": "2023-06-26T01:24:58Z"}}, {"model": "tvasahi.tv", "pk": 130, "fields": {"program_name": "ウラ撮れちゃいました　傑作選", "time": "13:30", "content": "“МCかまいたち&白石麻衣\"でお届け!普段はなかなか見ることが出来ない様々な業界の“ウラ側\"を、粘り強い交渉の末に撮影してお送りする社会科見学バラエティー", "url": "http://www.tv-asahi.co.jp/uratore/", "category": 2, "date": 5, "created_at": "2023-06-26T01:25:23Z"}}, {"model": "tvasahi.tv", "pk": 131, "fields": {"program_name": "まだアプデしてないの?　presents　逆転男子", "time": "15:30", "content": "「まだアプデしてないの?」がパワーアップ!なにわ男子メンバーが知力、体力、個々の能力を集結させ「逆転」をテーマに様々な企画に全力でチャレンジ!!", "url": "http://www.tv-asahi.co.jp/mada_update/", "category": 2, "date": 5, "created_at": "2023-06-26T01:26:09Z"}}, {"model": "tvasahi.tv", "pk": 132, "fields": {"program_name": "#裸の少年", "time": "16:00", "content": "関東&関西からオールジャニーズJr.が集結!次世代スターたちがガチバトルを繰り広げます!! 今回は…『知力体力クイズ王決定戦!!』", "url": "http://www.tv-asahi.co.jp/hadaka/", "category": 2, "date": 5, "created_at": "2023-06-26T01:26:40Z"}}, {"model": "tvasahi.tv", "pk": 133, "fields": {"program_name": "クレヨンしんちゃん　【水切りで勝負だゾ】", "time": "16:30", "content": "「さいたま紅さそり隊」VS「茨城霞ヶ浦ビッグフィッシュ隊」河原で水切り対決!?準備万端のひろしは無事に出張に辿り着けるのか…!?笑える3本立て!プレゼントのお知らせも!", "url": "http://www.tv-asahi.co.jp/shinchan/", "category": 4, "date": 5, "created_at": "2023-06-26T01:27:17Z"}}, {"model": "tvasahi.tv", "pk": 134, "fields": {"program_name": "ドラえもん　【タランポリン】【のび太のエビフライ】", "time": "17:00", "content": "たりないものが見つかる!?『タランポリン』ガードを突破してエビフライを食べられるのか!?『のび太のエビフライ』", "url": "http://www.tv-asahi.co.jp/doraemon/", "category": 4, "date": 5, "created_at": "2023-06-26T01:27:47Z"}}, {"model": "tvasahi.tv", "pk": 135, "fields": {"program_name": "ANNスーパーJチャンネル", "time": "17:30", "content": "正確なニュース・情報をいち早くお伝えするANNニュース!テレビ朝日系列の放送局26局が総力をあげ、緻密な取材にもとづいたニュースを最新機材を駆使して放送します。", "url": "http://www.tv-asahi.co.jp/sj-ss/", "category": 5, "date": 5, "created_at": "2023-06-26T01:28:17Z"}}, {"model": "tvasahi.tv", "pk": 136, "fields": {"program_name": "人生の楽園　みかんの花咲く 農家民宿　〜静岡県三ヶ日町", "time": "18:00", "content": "みかん産地として知られる三ヶ日町。結婚しこの町に移り住んだ久米ゆきさんは夫・健太さんとみかんを育てながらもっとこの町を元気にと2020年に農家民宿カフェを始めた。", "url": "http://www.tv-asahi.co.jp/rakuen/", "category": 7, "date": 5, "created_at": "2023-06-26T01:29:06Z"}}, {"model": "tvasahi.tv", "pk": 137, "fields": {"program_name": "サンドウィッチマン&芦田愛菜の博士ちゃん　2時間半SP", "time": "18:30", "content": "オトナ顔負けの知識を持つ子供博士こと“博士ちゃん\"がサンドウィッチマン&芦田愛菜に特別授業!", "url": "http://www.tv-asahi.co.jp/hakasechan/", "category": 2, "date": 5, "created_at": "2023-06-26T01:29:31Z"}}, {"model": "tvasahi.tv", "pk": 138, "fields": {"program_name": "サタデーステーション", "time": "20:54", "content": "「ニュースを丁寧に、そして鋭く」。高島彩が土曜夜に最新ニュースをLIVEでお届け!スタジオで徹底解説&1週間の話題を「独自取材」で!", "url": "http://www.tv-asahi.co.jp/sat-st/", "category": 5, "date": 5, "created_at": "2023-06-26T01:30:02Z"}}, {"model": "tvasahi.tv", "pk": 139, "fields": {"program_name": "私の幸福時間", "time": "21:54", "content": "あなたの「しあわせ」は、どこから?なにから?友人や家族と過ごす時間、歴史や文化に触れ合う時間、趣味に没頭する時間…誰もがもっている“大切なひととき\"をご紹介。", "url": "http://www.tv-asahi.co.jp/shiawasejikan/", "category": 7, "date": 5, "created_at": "2023-06-26T01:30:26Z"}}, {"model": "tvasahi.tv", "pk": 140, "fields": {"program_name": "楽しく学ぶ!世界動画ニュース", "time": "22:00", "content": "世界の動画を見ながら世界を楽しく学びませんか?★動画を見て「なんで?」「どうして?」と思ったギモンをバイきんぐ小峠と個性あふれるコメンテーターたちが語り合います", "url": "http://www.tv-asahi.co.jp/dennou_wws/", "category": 5, "date": 5, "created_at": "2023-06-26T01:30:53Z"}}, {"model": "tvasahi.tv", "pk": 141, "fields": {"program_name": "テレ朝番組みどころナビ", "time": "22:54", "content": "テレビ朝日のおすすめ番組をご紹介!", "url": null, "category": 5, "date": 5, "created_at": "2023-06-26T01:31:19Z"}}, {"model": "tvasahi.tv", "pk": 142, "fields": {"program_name": "ストリートBET", "time": "23:00", "content": "※詳細が決まり次第、お知らせいたします。", "url": null, "category": 5, "date": 5, "created_at": "2023-06-26T01:31:37Z"}}, {"model": "tvasahi.tv", "pk": 143, "fields": {"program_name": "UVERworld　ROOM〜やけにチャイムの鳴る夜〜", "time": "12:00", "content": "2週にわたり放送、UVERworldの初冠番組。", "url": null, "category": 2, "date": 5, "created_at": "2023-06-26T01:32:04Z"}}, {"model": "tvasahi.tv", "pk": 144, "fields": {"program_name": "朝メシまで。", "time": "24:30", "content": "私達が寝ている夜に仕事をスタートして朝まで働く…そんな方々が“1日のシメに食べる朝ご飯\"とは!?知られざる深夜のお仕事を朝メシまで密着するドキュメントバラエティ!", "url": "http://www.tv-asahi.co.jp/asameshi/", "category": 7, "date": 5, "created_at": "2023-06-26T01:32:24Z"}}, {"model": "tvasahi.tv", "pk": 145, "fields": {"program_name": "ワールドプロレスリング", "time": "25:00", "content": "様々な格闘技団体が乱立する昨今、最強伝説はいつも新日本プロレスの青いマットの上で誕生してきました。ワールドプロレスリングは真の強さを追い求める闘いを見せます。", "url": "http://www.tv-asahi.co.jp/wrestling/", "category": 6, "date": 5, "created_at": "2023-06-26T01:32:49Z"}}, {"model": "tvasahi.tv", "pk": 146, "fields": {"program_name": "うちの会社の小さい先輩の話　#1【ヌマニメーション】", "time": "25:30", "content": "キャラクター企業に勤める入社1年目の篠崎拓馬と小さくて可愛い先輩・片瀬詩織里。ある日企画発表会を控え緊張している拓馬に、詩織里は緊張をほどくおまじないを試みて…", "url": "http://www.tv-asahi.co.jp/chiisaisenpai/", "category": 4, "date": 5, "created_at": "2023-06-26T01:33:14Z"}}, {"model": "tvasahi.tv", "pk": 147, "fields": {"program_name": "実は俺、最強でした?　【ANiMAZiNG!!!】", "time": "26:00", "content": "チート能力を授けて、異世界に転生させます!第二の人生を謳歌してね!?", "url": "https://jitsuhaoresaikyo-anime.com/", "category": 4, "date": 5, "created_at": "2023-06-26T01:33:47Z"}}, {"model": "tvasahi.tv", "pk": 148, "fields": {"program_name": "恐竜!フェス!イベント夏盛SP!!", "time": "26:30", "content": "※詳細が決まり次第、お知らせいたします。", "url": null, "category": 2, "date": 5, "created_at": "2023-06-26T01:34:11Z"}}, {"model": "tvasahi.tv", "pk": 149, "fields": {"program_name": "霜降りバラエティX", "time": "27:00", "content": "霜降り明星が様々な企画に体当たりでチャレンジ!", "url": "http://www.tv-asahi.co.jp/shimovara/", "category": 2, "date": 5, "created_at": "2023-06-26T01:34:31Z"}}, {"model": "tvasahi.tv", "pk": 150, "fields": {"program_name": "ももクロちゃんと!", "time": "27:20", "content": "人気アイドルグループ“ももいろクローバーZ\"が気になる先駆者をゲストに招き、4人の新たな未来へ向けたエポックをつくるための“アンコントロールトークバラエティ\"!!", "url": "http://www.tv-asahi.co.jp/momoclochanto/", "category": 2, "date": 5, "created_at": "2023-06-26T01:35:00Z"}}, {"model": "tvasahi.tv", "pk": 151, "fields": {"program_name": "アイ=ラブ!げーみんぐ〜○○さんがオンラインになりました〜", "time": "27:40", "content": "アインシュタイン&=LOVEの佐々木舞香・齋藤樹愛羅ほか、=LOVEメンバーが土曜深夜に大集合!!視聴者と一緒にゲーム愛を深める“新感覚ゲームトークバラエティー\"!!", "url": "http://www.tv-asahi.co.jp/ilovegaming/", "category": 2, "date": 5, "created_at": "2023-06-26T01:35:26Z"}}, {"model": "tvasahi.tv", "pk": 152, "fields": {"program_name": "ダブルタップミステリー　傑作選", "time": "4:00", "content": "意味が分かると怖いショートドラマ!表だけ見ると分からない!?隠された真実にパンサー尾形が超真剣に迫る　毎週金曜深夜2時43分から放送中", "url": null, "category": 2, "date": 6, "created_at": "2023-06-26T02:20:31Z"}}, {"model": "tvasahi.tv", "pk": 153, "fields": {"program_name": "CSテレ朝ナビ!!", "time": "4:30", "content": "テレビ朝日のCS放送の魅力をお届けする番組!アニメ、ドラマ、バラエティ、スポーツ、ニュース…毎日見られる「ドラえもん」など盛りだくさん!!見逃せない番組をご紹介!", "url": "https://www.tv-asahi.co.jp/ch/contents/info/0053/", "category": 5, "date": 6, "created_at": "2023-06-26T02:21:10Z"}}, {"model": "tvasahi.tv", "pk": 154, "fields": {"program_name": "ワカコさんとマサルくんのお宅は買わないの??", "time": "4:35", "content": "ワカコさんとマサルくんにアナウンサーを目指す学生達が今話題の商品を紹介!その魅力と衝撃の価格にスタジオは驚きの連続!それでもお宅は買わないの??", "url": "https://ropping.tv-asahi.co.jp/tv/wm-wakako-masaru/", "category": 2, "date": 6, "created_at": "2023-06-26T02:21:36Z"}}, {"model": "tvasahi.tv", "pk": 155, "fields": {"program_name": "はい!テレビ朝日です", "time": "5:00", "content": "放送番組審議会:課題番組「スーパーJチャンネル」", "url": "http://www.tv-asahi.co.jp/hai/", "category": 5, "date": 6, "created_at": "2023-06-26T02:21:59Z"}}, {"model": "tvasahi.tv", "pk": 156, "fields": {"program_name": "健康家族テレショップ", "time": "5:20", "content": "ダイエット・美容・ヘアケア・健康・ライフ・キッチン・雑貨・宝飾・電化製品‥日本・米国を始め世界中の逸品を自宅でくつろぎながらショッピング!", "url": null, "category": 5, "date": 6, "created_at": "2023-06-26T02:22:26Z"}}, {"model": "tvasahi.tv", "pk": 157, "fields": {"program_name": "サンデーLIVE!!", "time": "5:50", "content": "キャスター・東山紀之が、日曜日の朝だからこそ知りたいニュースを厳選して伝えます。皆さまと一緒に、「もっと知りたい」に応える番組を目指します。", "url": "http://www.tv-asahi.co.jp/sundaylive/", "category": 5, "date": 6, "created_at": "2023-06-26T02:22:46Z"}}, {"model": "tvasahi.tv", "pk": 158, "fields": {"program_name": "ひろがるスカイ!プリキュア", "time": "8:30", "content": "ひろがる世界へ!ホップ!ステップ!ジャンプ!", "url": "http://www.tv-asahi.co.jp/precure/", "category": 4, "date": 6, "created_at": "2023-06-26T02:23:10Z"}}, {"model": "tvasahi.tv", "pk": 159, "fields": {"program_name": "仮面ライダーギーツ　42話「創世4:女神の完成 闇の刃」", "time": "9:00", "content": "「今日からあなたは仮面ライダーです」…ドライバーとIDコアが届けば、それは生き残りゲームへの招待状。勝者には願いを叶える権利が与えられる。最後に勝つのは誰だ!?", "url": "http://www.tv-asahi.co.jp/geats/", "category": 4, "date": 6, "created_at": "2023-06-26T02:23:36Z"}}, {"model": "tvasahi.tv", "pk": 160, "fields": {"program_name": "王様戦隊キングオージャー　第18話「始まりの王冠」", "time": "9:30", "content": "「チキュー」を守るため集結したのは、超キャラが濃い5人の《王様》たち!《シュゴッド》が合体した最強ロボ《キングオージャー》で王様たちが敵に立ち向かう!", "url": "http://www.tv-asahi.co.jp/king-ohger/", "category": 5, "date": 6, "created_at": "2023-06-26T02:24:10Z"}}, {"model": "tvasahi.tv", "pk": 161, "fields": {"program_name": "新世界　メタバースTV!!", "time": "10:00", "content": "番組オリジナル仮想都市“メタバース六本木\"建設バラエティ!MC関智一&ぺこぱ&豪華声優陣と一緒に毎週メタバース空間を楽しもう!", "url": "http://www.tv-asahi.co.jp/metaverse-tv/", "category": 2, "date": 6, "created_at": "2023-06-26T02:24:33Z"}}, {"model": "tvasahi.tv", "pk": 162, "fields": {"program_name": "家事ヤロウ!!!　傑作選", "time": "11:00", "content": "バカリズム・中丸雄一・カズレーザーの家事初心者3人が家事をゼロから学ぶドキュメントバラエティー!家事の基礎を狭く・ユルく・深く学んでいく!", "url": "http://www.tv-asahi.co.jp/kajiyarou/", "category": 2, "date": 6, "created_at": "2023-06-26T02:24:56Z"}}, {"model": "tvasahi.tv", "pk": 163, "fields": {"program_name": "発進!ミライクリエイター", "time": "11:45", "content": "世界や日本の未来を変えるかもしれない「研究」「活動」「提案」「起業」「挑戦」に奮闘している若きミライクリエイターをご紹介!", "url": "http://www.tv-asahi.co.jp/miraicreator/", "category": 2, "date": 6, "created_at": "2023-06-26T02:25:37Z"}}, {"model": "tvasahi.tv", "pk": 164, "fields": {"program_name": "ANNニュース", "time": "11:50", "content": "正確なニュース・情報をいち早くお伝えするANNニュース!テレビ朝日系列の放送局26局が総力をあげ、緻密な取材にもとづいたニュースを最新機材を駆使して放送します。", "url": "http://news.tv-asahi.co.jp/", "category": 5, "date": 6, "created_at": "2023-06-26T02:25:58Z"}}, {"model": "tvasahi.tv", "pk": 165, "fields": {"program_name": "ビートたけしのTVタックル", "time": "12:00", "content": "ビートたけしが日曜昼に現代社会を斬る!政治・経済から流行まで…話題のニュースを導入しそこから考えなければならない「日本の問題点」を語り合う!オトナの為の討論番組", "url": "http://www.tv-asahi.co.jp/tvtackle/", "category": 5, "date": 6, "created_at": "2023-06-26T02:26:23Z"}}, {"model": "tvasahi.tv", "pk": 166, "fields": {"program_name": "新婚さんいらっしゃい!", "time": "12:55", "content": "藤井隆・井上咲楽が新婚さんの楽しい話を聞くトークバラエティ!新婚カップルのアツアツぶりや微笑ましい失敗談などを、絶妙のトークでお届けします。", "url": "http://www.tv-asahi.co.jp/shinkon/", "category": 2, "date": 6, "created_at": "2023-06-26T02:26:46Z"}}, {"model": "tvasahi.tv", "pk": 167, "fields": {"program_name": "リア突WEST", "time": "13:25", "content": "日本全国に存在する理解不能な人や場所、通称「リア凸案件」にジャニーズWESTが記者となって突撃取材!", "url": null, "category": 2, "date": 6, "created_at": "2023-06-26T02:27:09Z"}}, {"model": "tvasahi.tv", "pk": 168, "fields": {"program_name": "資生堂レディスオープン2023　最終日", "time": "13:55", "content": "〜強く、美しく、輝くとき。〜全米女子オープンの前週に開かれるメジャー前哨戦!岩井明愛・岩井千怜の双子姉妹らトッププロがしのぎを削る!", "url": null, "category": 6, "date": 6, "created_at": "2023-06-26T02:27:31Z"}}, {"model": "tvasahi.tv", "pk": 169, "fields": {"program_name": "ニンチド調査ショー　傑作選", "time": "15:20", "content": "時代の変化を世代別の“ニンチド(=認知度)\"で斬っていく魅惑の新感覚クイズバラエティー", "url": "http://www.tv-asahi.co.jp/ninchido/", "category": 2, "date": 6, "created_at": "2023-06-26T02:27:50Z"}}, {"model": "tvasahi.tv", "pk": 170, "fields": {"program_name": "路線バスで寄り道&お買い物の旅", "time": "16:15", "content": "日頃秒刻みスケジュールに疲れ気味の徳さん御一行。のんび〜り旅を味わうために選んだのは“路線バス\"。今回、目指すのは…。", "url": "http://www.tv-asahi.co.jp/rosenbus/", "category": 7, "date": 6, "created_at": "2023-06-26T02:28:20Z"}}, {"model": "tvasahi.tv", "pk": 171, "fields": {"program_name": "未来につなぐエール", "time": "17:25", "content": "未来には何があるだろうか。自分とはどうつながっていくのだろうか。未来にバトンをわたす人を追いかけ、「個」そして「多様性」の次世代にエールを送ります。", "url": "http://www.tv-asahi.co.jp/mirai_yell/", "category": 5, "date": 6, "created_at": "2023-06-26T02:28:55Z"}}, {"model": "tvasahi.tv", "pk": 172, "fields": {"program_name": "ANNスーパーJチャンネル", "time": "17:30", "content": "正確なニュース・情報をいち早くお伝えするANNニュース!テレビ朝日系列の放送局26局が総力をあげ、緻密な取材にもとづいたニュースを最新機材を駆使して放送します。", "url": "http://www.tv-asahi.co.jp/sj-ss/", "category": 5, "date": 6, "created_at": "2023-06-26T02:29:23Z"}}, {"model": "tvasahi.tv", "pk": 173, "fields": {"program_name": "相葉マナブ　マナブ!旬の産地ごはん〜松戸の枝豆〜", "time": "18:00", "content": "今回は千葉県松戸市で栽培されている枝豆!地元の奥様と名店から絶品レシピを学びます!焼き枝豆、枝豆稲荷寿司、枝豆と鶏肉ハンバーグや名店から炊き込ビーご飯も!", "url": "http://www.tv-asahi.co.jp/aibamanabu/", "category": 7, "date": 6, "created_at": "2023-06-26T02:29:49Z"}}, {"model": "tvasahi.tv", "pk": 174, "fields": {"program_name": "ナニコレ珍百景　全国各地の衝撃の学食特集!本格中華・寿司&26歳が離島で1人生活", "time": "19:00", "content": "▼学食で大学を選ぶ時代!?本格中華・フレンチから熟練職人の寿司まで一挙公開▼岡山…なぜ?瀬戸内の離島で26歳が1人暮らし…夢の生活?▼鹿児島…101歳おばあちゃん", "url": "http://www.tv-asahi.co.jp/nanikore/", "category": 2, "date": 6, "created_at": "2023-06-26T02:30:14Z"}}, {"model": "tvasahi.tv", "pk": 175, "fields": {"program_name": "ポツンと一軒家 雪が3m積もる豪雪地帯に87歳女性が一人暮らし…冬季限定の学校?", "time": "19:58", "content": "衛星写真で発見!“何でこんな所に?\"という場所に、ポツンと建つ一軒家を日本全国大捜索!", "url": "http://www.tv-asahi.co.jp/potsunto/", "category": 3, "date": 6, "created_at": "2023-06-26T02:30:36Z"}}, {"model": "tvasahi.tv", "pk": 176, "fields": {"program_name": "食ノ音色", "time": "20:56", "content": "キッチンで響く心地よい音色。「大切な人への想い」が「料理」になっていく、幸せな時間をお届けします。今回の“食ノ音色\"を奏でる主役は『サモサ』です。", "url": "http://www.tv-asahi.co.jp/neiro/", "category": 2, "date": 6, "created_at": "2023-06-26T02:30:58Z"}}, {"model": "tvasahi.tv", "pk": 177, "fields": {"program_name": "サンデーステーション", "time": "21:00", "content": "日曜よる9時。新しい明日へ「再起動」。次の一週間のヒントにつながる報道番組を目指します。ニュースは総力取材、時代が見える独自特集、スポーツ、天気もしっかりと!", "url": "http://www.tv-asahi.co.jp/sun-st/", "category": 5, "date": 6, "created_at": "2023-06-26T02:31:20Z"}}, {"model": "tvasahi.tv", "pk": 178, "fields": {"program_name": "日曜の夜ぐらいは...　#10", "time": "22:00", "content": "主演・清野菜名、そして岸井ゆきの、生見愛瑠。日本アカデミー賞受賞の3人が共演。日曜の夜は、脚本・岡田惠和が描く「優しく尊い世界」を満喫してみてはいかがですか?", "url": "http://www.tv-asahi.co.jp/drama_22_abctv/", "category": 1, "date": 6, "created_at": "2023-06-26T02:31:47Z"}}, {"model": "tvasahi.tv", "pk": 179, "fields": {"program_name": "8月開幕!!バスケW杯〜バッシュくんのバスケ講座〜", "time": "22:54", "content": "8月に沖縄で開幕するバスケットボールのワールドカップ!!バッシュ星からやってきたバッシュくんが、毎回、見どころを楽しくご紹介します!!", "url": "http://www.tv-asahi.co.jp/bashkun-course/", "category": 6, "date": 6, "created_at": "2023-06-26T02:32:14Z"}}, {"model": "tvasahi.tv", "pk": 180, "fields": {"program_name": "関ジャム　完全燃SHOW", "time": "23:00", "content": "関ジャニ∞が支配人の古田新太と共にアーティストをゲストに迎え、一夜限りの本気のジャムセッション&トークを繰り広げる音楽バラエティー", "url": "http://www.tv-asahi.co.jp/kanjam/", "category": 2, "date": 6, "created_at": "2023-06-26T02:32:40Z"}}, {"model": "tvasahi.tv", "pk": 181, "fields": {"program_name": "あざとくて何が悪いの?", "time": "23:55", "content": "猛毒注意!!山里亮太×田中みな実×弘中綾香という危険すぎる3人が“あざとい男女\"の言動について徹底トーク!!", "url": "http://www.tv-asahi.co.jp/azatokute/", "category": 2, "date": 6, "created_at": "2023-06-26T02:33:07Z"}}, {"model": "tvasahi.tv", "pk": 182, "fields": {"program_name": "一億総リミッター解除バラエティ　衝動に駆られてみる", "time": "24:25", "content": "「一度でいいからやってみたかった!」その欲望を叶えるバラエティ番組!その道を究めた研究者や趣味人たちが、なりふり構わず己の衝動を爆発させ絶頂を迎える瞬間に迫る", "url": "http://www.tv-asahi.co.jp/shoudou/", "category": 2, "date": 6, "created_at": "2023-06-26T02:33:31Z"}}, {"model": "tvasahi.tv", "pk": 183, "fields": {"program_name": "熱闘!Mリーグ", "time": "24:55", "content": "麻雀界最高峰の戦い、Mリーグ!どこよりも早く、詳しく最新のMリーグ情報をお伝えします! 雀士の一打にかける想い、駆け引きの妙、勝負の分かれ目を熱く解説します!", "url": "http://www.tv-asahi.co.jp/netto_m-league/", "category": 6, "date": 6, "created_at": "2023-06-26T02:33:56Z"}}, {"model": "tvasahi.tv", "pk": 184, "fields": {"program_name": "ゲームズ・ボンド", "time": "25:25", "content": "ゲーム大好き芸能人がジェームズ・ボンドならぬゲームズ・ボンドとして、この夏の話題作を大調査!さらにMCのカミナリ・でんぱ組.inc古川未鈴が“ゲーム実況\"を実況!!", "url": "http://www.tv-asahi.co.jp/bond/", "category": 2, "date": 6, "created_at": "2023-06-26T02:34:28Z"}}, {"model": "tvasahi.tv", "pk": 185, "fields": {"program_name": "テラサってる?　人気タイファンタジーラブストーリー「609 Bedtime Story」第1話前編", "time": "26:55", "content": "タイで大ヒットを記録したドラマ!時空を超え2つの世界が混ざり合うファンタジーラブストーリー「609 Bedtime Story」!動画配信サービス『TELASA(テラサ)』特別編!", "url": "https://douga.tv-asahi.co.jp/program/31188-31187", "category": 1, "date": 6, "created_at": "2023-06-26T02:34:52Z"}}, {"model": "tvasahi.tv", "pk": 186, "fields": {"program_name": "ミッドナイトマルシェ", "time": "27:25", "content": "ダイエット・美容・ヘアケア・健康・ライフ・キッチン・雑貨・宝飾・電化製品‥日本・米国を始め世界中の逸品を自宅でくつろぎながらショッピング!", "url": null, "category": 5, "date": 6, "created_at": "2023-06-26T02:35:25Z"}}, {"model": "tvasahi.tv", "pk": 187, "fields": {"program_name": "おはようゴーちゃん。", "time": "27:55", "content": "テレ朝マスコット『ゴーちゃん。』が番組・映画・イベントなど最新情報をおとどけ!エクスパンダ星から地球にやってきたゴーちゃん。今朝の注目はなにかな?", "url": null, "category": 2, "date": 6, "created_at": "2023-06-26T02:35:48Z"}}, {"model": "tvasahi.tv", "pk": 188, "fields": {"program_name": "おはよう!時代劇　暴れん坊将軍9　#35", "time": "4:00", "content": "「大岡越前失脚!?誘拐された恋女房」松平健▽江戸の町に、夜叉の面をかぶった材木問屋だけを狙う一味が出没。一味は店の主だった者を惨殺するだけで金品には手を付けず…", "url": null, "category": 1, "date": 7, "created_at": "2023-06-26T06:19:16Z"}}, {"model": "tvasahi.tv", "pk": 189, "fields": {"program_name": "グッド!モーニング", "time": "4:55", "content": "けさ知っておきたいニュースを独自目線でわかりやすく伝えます。林先生の「ことば検定」、依田さんの「お天気検定」、「ニュース検定」、「エンタメ検定」にも挑戦しよう!", "url": "http://www.tv-asahi.co.jp/goodmorning/", "category": 5, "date": 7, "created_at": "2023-06-26T06:19:40Z"}}, {"model": "tvasahi.tv", "pk": 190, "fields": {"program_name": "羽鳥慎一モーニングショー", "time": "8:00", "content": "羽鳥慎一が毎日の様々なニュースを、分かりやすくお伝えします。暮らしをよりよくする情報はもちろん、難しいことは何が問題なのか、パネルを駆使して読み解きます。", "url": "http://www.tv-asahi.co.jp/m-show/", "category": 5, "date": 7, "created_at": "2023-06-26T06:20:03Z"}}, {"model": "tvasahi.tv", "pk": 191, "fields": {"program_name": "じゅん散歩", "time": "9:55", "content": "「一歩歩けば、そこにひとつの出会いが生まれる…」\r\n三代目散歩人・高田純次が“一歩一会(いっぽいちえ)\"をテーマに自由気ままに街を歩きます!", "url": "http://www.tv-asahi.co.jp/junsanpo/", "category": 7, "date": 7, "created_at": "2023-06-26T06:20:28Z"}}, {"model": "tvasahi.tv", "pk": 192, "fields": {"program_name": "大下容子ワイド!スクランブル", "time": "10:25", "content": "スタジオの気鋭の識者たちが、視聴者に知っておいてもらいたい情報、抱いている疑問を深掘り解説!", "url": "http://www.tv-asahi.co.jp/scramble/", "category": 5, "date": 7, "created_at": "2023-06-26T06:21:46Z"}}, {"model": "tvasahi.tv", "pk": 193, "fields": {"program_name": "徹子の部屋", "time": "13:00", "content": "司会の黒柳徹子さんが、各界の著名人はもちろん、時の人、話題の人をゲストに迎え、絶妙の話術を駆使してゲストの魅力に迫る、昭和51年放送開始の長寿トーク番組です。", "url": "http://www.tv-asahi.co.jp/tetsuko/", "category": 2, "date": 7, "created_at": "2023-06-26T06:22:11Z"}}, {"model": "tvasahi.tv", "pk": 194, "fields": {"program_name": "DAIGOも台所　〜きょうの献立　何にする?〜　七味の日!ピリッと七味きかせて", "time": "13:30", "content": "冷蔵庫の食材管理もしながら、家族の好みや栄養バランス、肉・魚・野菜のローテーションも考えて献立を決めるのは本当に大変…日々の料理の悩みにこたえる献立を複数提案!", "url": "https://onnela.asahi.co.jp/categories/daidokoro", "category": 7, "date": 7, "created_at": "2023-06-26T06:22:32Z"}}, {"model": "tvasahi.tv", "pk": 195, "fields": {"program_name": "東京サイト", "time": "13:45", "content": "東京の魅力や暮らしに役立つ情報をお伝えする番組。一週間を通して一つのテーマを毎日丁寧にお伝えします。これであなたも“東京ツウ\"になれる!", "url": "http://www.tv-asahi.co.jp/t-site/", "category": 7, "date": 7, "created_at": "2023-06-26T06:23:07Z"}}, {"model": "tvasahi.tv", "pk": 196, "fields": {"program_name": "ANNニュース", "time": "13:49", "content": "正確なニュース・情報をいち早くお伝えするANNニュース!テレビ朝日系列の放送局26局が総力をあげ、緻密な取材にもとづいたニュースを最新機材を駆使して放送します。", "url": "http://news.tv-asahi.co.jp/", "category": 5, "date": 7, "created_at": "2023-06-26T06:23:28Z"}}, {"model": "tvasahi.tv", "pk": 197, "fields": {"program_name": "おかしな刑事7", "time": "13:54", "content": "「居眠り刑事とエリート警視の父娘捜査　サクラソウは見ていた!死体に付いた花弁と、女流画家の美しい罠!」伊東四朗、羽田美智子", "url": null, "category": 1, "date": 7, "created_at": "2023-06-26T06:23:55Z"}}, {"model": "tvasahi.tv", "pk": 198, "fields": {"program_name": "相棒17　#1スペシャル", "time": "15:48", "content": "「ボディ〜死体消失!!富豪一族の完全犯罪」水谷豊、反町隆史▽資産家一族が起こした恐るべき完全犯罪…。疑惑の権力者に挑む“3人体制\"の特命係に、早くも緊急事態が…", "url": "https://www.tv-asahi.co.jp/aibou17/", "category": 1, "date": 7, "created_at": "2023-06-26T06:24:12Z"}}, {"model": "tvasahi.tv", "pk": 199, "fields": {"program_name": "スーパーJチャンネル", "time": "16:45", "content": "視聴者が知りたいニュース・情報をズバリお伝えします!テレビ朝日の系列局26局(ANN)が総力取材!いち早く正確な情報を届けます。", "url": "http://www.tv-asahi.co.jp/super-j/", "category": 5, "date": 7, "created_at": "2023-06-26T06:24:40Z"}}, {"model": "tvasahi.tv", "pk": 200, "fields": {"program_name": "帰れマンデー見っけ隊!!　3時間SP", "time": "19:00", "content": "日本中を旅して、色んなものを見つける旅!さらに、その課題となるものを見つけるまでは帰れない!タカアンドトシとサンドウィッチマンがゲストとともに旅します!", "url": "http://www.tv-asahi.co.jp/kaeremonday/", "category": 2, "date": 7, "created_at": "2023-06-26T06:25:05Z"}}, {"model": "tvasahi.tv", "pk": 201, "fields": {"program_name": "報道ステーション", "time": "21:54", "content": "「深く、力強く、きょう色々。」大越健介キャスターが、きょう知りたいニュースを“深い洞察\"と“平たい言葉\"でお送りします。", "url": "http://www.tv-asahi.co.jp/hst/", "category": 5, "date": 7, "created_at": "2023-06-26T06:25:27Z"}}, {"model": "tvasahi.tv", "pk": 202, "fields": {"program_name": "世界の車窓から", "time": "23:10", "content": "ベトナム南北縦断1800キロの旅 #10835『明け方のフエ出発』 曲名♪ 「I Want To Spend The Night」 by.Bill Withers", "url": "http://www.tv-asahi.co.jp/train/", "category": 7, "date": 7, "created_at": "2023-06-26T06:25:57Z"}}, {"model": "tvasahi.tv", "pk": 203, "fields": {"program_name": "激レアさんを連れてきた。", "time": "23:15", "content": "今回の激レアさんは『正統派の料理人になるつもりが父親が市場で余った変な魚ばかり爆買いしてくるので毎日ブチギレながらメニュー開発している息子』", "url": "http://www.tv-asahi.co.jp/geki_rare/", "category": 2, "date": 7, "created_at": "2023-06-26T06:26:26Z"}}, {"model": "tvasahi.tv", "pk": 204, "fields": {"program_name": "キョコロヒー", "time": "23:45", "content": "日向坂46齊藤京子と芸人ヒコロヒーによる凸凹トークバラエティ。自由過ぎるアイドルと翻弄される芸人のトークがなぜかクセになってしまうと評判のヘンテコ番組です。", "url": "http://www.tv-asahi.co.jp/Kyoccorohee/", "category": 2, "date": 7, "created_at": "2023-06-26T06:26:48Z"}}, {"model": "tvasahi.tv", "pk": 206, "fields": {"program_name": "ハマスカ放送部", "time": "24:15", "content": "OKAMOTO'S ハマ・オカモトと齋藤飛鳥が都内某所の放送室からお届けする音楽トーク番組!", "url": "http://www.tv-asahi.co.jp/hamasukahousoubu/", "category": 3, "date": 7, "created_at": "2023-06-27T01:32:54Z"}}, {"model": "tvasahi.tv", "pk": 207, "fields": {"program_name": "お願い!ランキングpresentsそだてれび", "time": "24:45", "content": "テレビ朝日全局員を対象にした企画オーディションバトルがスタート!《ドラマ》《バラエティー》《ドキュメンタリー》《アニメ》次世代のスタークリエイターを発掘・育成!", "url": "http://www.tv-asahi.co.jp/onegai_chosenkyo/", "category": 2, "date": 7, "created_at": "2023-06-27T01:33:40Z"}}, {"model": "tvasahi.tv", "pk": 208, "fields": {"program_name": "全力坂", "time": "25:20", "content": "この坂を登り切れたら、自分の中の何かが変わる気がする。いや変わるはずだ。坂を全力で駆け上がる女性たちの姿と、話題の商品・エンタメ情報をお届けする深夜番組登場。", "url": "http://www.tv-asahi.co.jp/saka/", "category": 6, "date": 7, "created_at": "2023-06-27T01:34:16Z"}}, {"model": "tvasahi.tv", "pk": 209, "fields": {"program_name": "musicる　TV", "time": "25:26", "content": "アーティストのリアルに密着!「ヒャダイン」「内田真礼」がお送りする音楽ドキュメント番組!", "url": "http://www.tv-asahi.co.jp/music-ru/", "category": 2, "date": 7, "created_at": "2023-06-27T01:34:47Z"}}, {"model": "tvasahi.tv", "pk": 210, "fields": {"program_name": "見取り図じゃん", "time": "25:56", "content": "東京進出を果たした見取り図が天下取りへ…!! 毎週様々なことに挑戦、芸能界のテッペンを目指していく。", "url": "https://douga.tv-asahi.co.jp/program/32421-32420", "category": 2, "date": 7, "created_at": "2023-06-27T01:35:27Z"}}, {"model": "tvasahi.tv", "pk": 211, "fields": {"program_name": "チョコプランナー", "time": "26:13", "content": "常に新しい物を開発し続けてきたチョコプラが新たなヒット企画を生み出すプランナーとして腕を振るう!メイン企画はハネそうなサムネを作る「サムネイルプランナー」", "url": "https://douga.tv-asahi.co.jp/program/36004-36003", "category": 2, "date": 7, "created_at": "2023-06-27T01:35:57Z"}}, {"model": "tvasahi.tv", "pk": 212, "fields": {"program_name": "週刊ダウ通信", "time": "26:30", "content": "単独公演のチケットは即完売。星野源、佐久間Pなどそうそうたる面々に“推される\"8人組ダウ90000の初冠レギュラー! メンバーそれぞれが体当たり企画に挑みます!", "url": "https://douga.tv-asahi.co.jp/program/39555-39554", "category": 2, "date": 7, "created_at": "2023-06-27T01:36:22Z"}}, {"model": "tvasahi.tv", "pk": 213, "fields": {"program_name": "スーパー山添大作戦", "time": "26:47", "content": "相席スタート山添寛による悪巧みバラエティ!", "url": "https://douga.tv-asahi.co.jp/program/39445-39444", "category": 2, "date": 7, "created_at": "2023-06-27T01:36:48Z"}}, {"model": "tvasahi.tv", "pk": 214, "fields": {"program_name": "ワカコさんとマサルくんのお宅は買わないの??", "time": "27:04", "content": "ワカコさんとマサルくんにアナウンサーを目指す学生達が今話題の商品を紹介! その魅力と衝撃の価格にスタジオは驚きの連続!それでもお宅は買わないの??", "url": "https://ropping.tv-asahi.co.jp/tv/wm-wakako-masaru/", "category": 2, "date": 7, "created_at": "2023-06-27T01:37:14Z"}}, {"model": "tvasahi.tv", "pk": 215, "fields": {"program_name": "ナイトショッピング", "time": "27:30", "content": "ダイエット・美容・ヘアケア・健康・ライフ・キッチン・雑貨・宝飾・電化製品‥日本・米国を始め世界中の逸品を自宅でくつろぎながらショッピング!", "url": null, "category": 5, "date": 7, "created_at": "2023-06-27T01:37:39Z"}}, {"model": "tvasahi.comment", "pk": 2, "fields": {"user_name": 12, "comment": "かき氷美味しそう", "target": 92, "pub_date": "2023-06-29T01:03:54.179Z"}}, {"model": "tvasahi.comment", "pk": 3, "fields": {"user_name": 12, "comment": "あばれる君", "target": 89, "pub_date": "2023-06-29T02:24:56.028Z"}}, {"model": "tvasahi.comment", "pk": 15, "fields": {"user_name": 12, "comment": "シャス", "target": 91, "pub_date": "2023-06-30T00:39:23.971Z"}}, {"model": "tvasahi.comment", "pk": 16, "fields": {"user_name": 12, "comment": "交差点", "target": 93, "pub_date": "2023-06-30T00:39:51.483Z"}}, {"model": "tvasahi.comment", "pk": 17, "fields": {"user_name": 12, "comment": "パパやん", "target": 95, "pub_date": "2023-06-30T00:40:16.763Z"}}, {"model": "tvasahi.comment", "pk": 18, "fields": {"user_name": 13, "comment": "占いみた？", "target": 90, "pub_date": "2023-06-30T00:41:58.738Z"}}, {"model": "tvasahi.comment", "pk": 19, "fields": {"user_name": 13, "comment": "竹内まりや", "target": 93, "pub_date": "2023-06-30T00:43:34.329Z"}}, {"model": "tvasahi.comment", "pk": 20, "fields": {"user_name": 13, "comment": "1から見直してます！", "target": 99, "pub_date": "2023-06-30T00:44:24.132Z"}}, {"model": "tvasahi.comment", "pk": 21, "fields": {"user_name": 13, "comment": "イェーーーイ", "target": 110, "pub_date": "2023-06-30T00:45:04.121Z"}}, {"model": "tvasahi.comment", "pk": 22, "fields": {"user_name": 14, "comment": "三└(┐卍^o^)卍ﾄﾞｩﾙﾙﾙﾙﾙ", "target": 89, "pub_date": "2023-06-30T00:45:49.906Z"}}, {"model": "tvasahi.comment", "pk": 23, "fields": {"user_name": 14, "comment": "かに座1位だ〜〜", "target": 90, "pub_date": "2023-06-30T00:46:57.205Z"}}, {"model": "tvasahi.comment", "pk": 24, "fields": {"user_name": 14, "comment": "断捨離祭り", "target": 94, "pub_date": "2023-06-30T00:48:05.403Z"}}, {"model": "tvasahi.comment", "pk": 25, "fields": {"user_name": 14, "comment": "ゴーちゃんかわいー", "target": 111, "pub_date": "2023-06-30T00:49:11.743Z"}}, {"model": "tvasahi.comment", "pk": 26, "fields": {"user_name": 15, "comment": "三└(┐卍^o^)卍ﾄﾞｩﾙﾙﾙﾙﾙﾙﾙ", "target": 89, "pub_date": "2023-06-30T00:49:55.730Z"}}, {"model": "tvasahi.comment", "pk": 27, "fields": {"user_name": 15, "comment": "沖縄行きたい", "target": 92, "pub_date": "2023-06-30T00:50:38.158Z"}}, {"model": "tvasahi.comment", "pk": 28, "fields": {"user_name": 15, "comment": "吉岡里帆は？", "target": 94, "pub_date": "2023-06-30T00:51:13.002Z"}}, {"model": "tvasahi.comment", "pk": 29, "fields": {"user_name": 15, "comment": "杏仁豆腐", "target": 104, "pub_date": "2023-06-30T00:51:54.946Z"}}, {"model": "tvasahi.comment", "pk": 30, "fields": {"user_name": 15, "comment": "ファンです！", "target": 111, "pub_date": "2023-06-30T00:52:30.462Z"}}, {"model": "tvasahi.comment", "pk": 31, "fields": {"user_name": 15, "comment": "みそきん", "target": 98, "pub_date": "2023-06-30T00:53:29.629Z"}}, {"model": "tvasahi.comment", "pk": 32, "fields": {"user_name": 16, "comment": "三└(┐卍^o^)卍ﾄﾞｩﾙﾙﾙﾙﾙﾙﾙﾙﾙ", "target": 89, "pub_date": "2023-06-30T00:54:15.032Z"}}, {"model": "tvasahi.comment", "pk": 33, "fields": {"user_name": 16, "comment": "ペンギンみたい", "target": 98, "pub_date": "2023-06-30T00:55:01.967Z"}}, {"model": "tvasahi.comment", "pk": 34, "fields": {"user_name": 16, "comment": "港区女子", "target": 108, "pub_date": "2023-06-30T00:55:22.699Z"}}, {"model": "tvasahi.comment", "pk": 35, "fields": {"user_name": 16, "comment": "ゴーちゃんしか勝たん", "target": 111, "pub_date": "2023-06-30T00:55:56.139Z"}}, {"model": "tvasahi.comment", "pk": 36, "fields": {"user_name": 12, "comment": "三└(┐卍^o^)卍ﾄﾞｩﾙﾙﾙﾙﾙﾙﾙﾙﾙﾙﾙ", "target": 89, "pub_date": "2023-06-30T00:57:51.804Z"}}, {"model": "tvasahi.comment", "pk": 37, "fields": {"user_name": 12, "comment": "占いはクソ", "target": 90, "pub_date": "2023-06-30T00:58:15.542Z"}}, {"model": "tvasahi.comment", "pk": 38, "fields": {"user_name": 13, "comment": "そんなこと言うなよ", "target": 90, "pub_date": "2023-06-30T00:59:30.856Z"}}, {"model": "tvasahi.customuser", "pk": 1, "fields": {"password": "pbkdf2_sha256$600000$wmyuFyaiG9filjNIH6oi8X$Jkbo+g8rluYhZ9UZQgvyq9XTFKqLrtGVUEKIX193whM=", "last_login": "2023-06-30T00:56:24.701Z", "is_superuser": true, "username": "admin", "first_name": "", "last_name": "", "is_staff": true, "is_active": true, "date_joined": "2023-06-22T04:32:35Z", "icon": "icon_images/IMG_6164.jpg", "email": "a@a.com", "address": "群馬県", "favorite_category": 7, "cart": 1, "groups": [], "user_permissions": []}}, {"model": "tvasahi.customuser", "pk": 5, "fields": {"password": "pbkdf2_sha256$600000$UEIOz6jORL9YlHGerEIyi5$hJP9+s5C5pStky419DeKS+QtgBTWUnxD/ElSC+XlpkY=", "last_login": "2023-06-28T06:09:54Z", "is_superuser": false, "username": "eda", "first_name": "", "last_name": "", "is_staff": false, "is_active": true, "date_joined": "2023-06-28T06:09:54Z", "icon": "icon_images/B8E5EB41-97BB-4E37-99C9-4874E3D8B9AD_USPsgD0.PNG", "email": "eda@e.com", "address": "奈良県", "favorite_category": 6, "cart": null, "groups": [], "user_permissions": []}}, {"model": "tvasahi.customuser", "pk": 7, "fields": {"password": "pbkdf2_sha256$600000$CCWeYyH1zc43YQDhEMU2rw$lxa6xVEEbw09veeg+wZOeVJ35e2ewHrB46bO2AEkKmI=", "last_login": "2023-06-29T07:59:37.709Z", "is_superuser": false, "username": "kakinoki", "first_name": "", "last_name": "", "is_staff": false, "is_active": true, "date_joined": "2023-06-28T06:11:23Z", "icon": "icon_images/B8E5EB41-97BB-4E37-99C9-4874E3D8B9AD_cakPyvF.PNG", "email": "kakinoki@k.com", "address": "高知県", "favorite_category": 4, "cart": null, "groups": [], "user_permissions": []}}, {"model": "tvasahi.customuser", "pk": 8, "fields": {"password": "pbkdf2_sha256$600000$18ViOTeKLzGUOfNlylcwzr$tJpAo5trGdJyULkPQPfm7HnX4/cf5Leh31soO0sz5pc=", "last_login": "2023-06-28T06:12:48Z", "is_superuser": false, "username": "kikuchi", "first_name": "", "last_name": "", "is_staff": false, "is_active": true, "date_joined": "2023-06-28T06:12:47Z", "icon": "icon_images/B8E5EB41-97BB-4E37-99C9-4874E3D8B9AD_aFJ9QJR.PNG", "email": "kikuchi@k.com", "address": "岡山県", "favorite_category": 3, "cart": null, "groups": [], "user_permissions": []}}, {"model": "tvasahi.customuser", "pk": 9, "fields": {"password": "pbkdf2_sha256$600000$ROtZzEsyyX40t0FrVFFmOC$OeUy6N0Qtvae9HMfUfrewvrBQIk323a5auhAlDHW8rA=", "last_login": "2023-06-28T06:13:34Z", "is_superuser": false, "username": "kuraishi", "first_name": "", "last_name": "", "is_staff": false, "is_active": true, "date_joined": "2023-06-28T06:13:33Z", "icon": "icon_images/B8E5EB41-97BB-4E37-99C9-4874E3D8B9AD_iy9hM1v.PNG", "email": "kuraishi@k.com", "address": "埼玉県", "favorite_category": 4, "cart": null, "groups": [], "user_permissions": []}}, {"model": "tvasahi.customuser", "pk": 10, "fields": {"password": "pbkdf2_sha256$600000$aQ944rhcvXm0qMkLOpFobn$HP03sPvU4E2Uqtuukt00vbSZBA+qXsCrKkKSRyOQUIU=", "last_login": "2023-06-28T06:14:29Z", "is_superuser": false, "username": "kenmochi", "first_name": "", "last_name": "", "is_staff": false, "is_active": true, "date_joined": "2023-06-28T06:14:29Z", "icon": "icon_images/B8E5EB41-97BB-4E37-99C9-4874E3D8B9AD_ELI2Xt8.PNG", "email": "kenmochi@k.com", "address": "石川県", "favorite_category": 2, "cart": null, "groups": [], "user_permissions": []}}, {"model": "tvasahi.customuser", "pk": 11, "fields": {"password": "pbkdf2_sha256$600000$IrIpOHHXNmifhzMooBLHTI$sgcTvotiWjVsKJvl1BNFqPKZeoNsQYMkqWnEhSTW0Rw=", "last_login": "2023-06-28T06:15:42Z", "is_superuser": false, "username": "koyama", "first_name": "", "last_name": "", "is_staff": false, "is_active": true, "date_joined": "2023-06-28T06:15:41Z", "icon": "icon_images/B8E5EB41-97BB-4E37-99C9-4874E3D8B9AD_xeYq94W.PNG", "email": "koyama@k.com", "address": "茨城県", "favorite_category": 7, "cart": null, "groups": [], "user_permissions": []}}, {"model": "tvasahi.customuser", "pk": 12, "fields": {"password": "pbkdf2_sha256$600000$J0EwxNcOv3PlHCPDtr6GZf$Q9oQ01QrWOx7MaCHEYeSFaVYJohq+XXCt9NqVS2rcso=", "last_login": "2023-06-30T01:06:54.043Z", "is_superuser": false, "username": "ota", "first_name": "", "last_name": "", "is_staff": false, "is_active": true, "date_joined": "2023-06-28T06:16:54Z", "icon": "icon_images/IMG_6164_cgQ4dQ5.jpg", "email": "ota@o.com", "address": "大阪府", "favorite_category": 4, "cart": 2, "groups": [], "user_permissions": []}}, {"model": "tvasahi.customuser", "pk": 13, "fields": {"password": "pbkdf2_sha256$600000$VnQr07LM02aHLoaQCdmbR0$BPTTuTgKfcK1ARK8Nk6/bkZP1a7rL3bkYilprxY/WG4=", "last_login": "2023-06-30T00:59:16.004Z", "is_superuser": false, "username": "sato", "first_name": "", "last_name": "", "is_staff": false, "is_active": true, "date_joined": "2023-06-28T06:17:38Z", "icon": "icon_images/IMG_6164_ZkYHXDc.jpg", "email": "sato@s.com", "address": "栃木県", "favorite_category": 5, "cart": null, "groups": [], "user_permissions": []}}, {"model": "tvasahi.customuser", "pk": 14, "fields": {"password": "pbkdf2_sha256$600000$IiEeFX7LbehECjLhc6LkTN$g48KjYmY8xi8uCm+YQULPpowkSOkrtXtBtcvesZ20M8=", "last_login": "2023-06-30T01:01:52.022Z", "is_superuser": false, "username": "toyokawa", "first_name": "", "last_name": "", "is_staff": false, "is_active": true, "date_joined": "2023-06-28T06:18:37Z", "icon": "icon_images/IMG_6164_rfqx5j7.jpg", "email": "toyokawa@t.com", "address": "神奈川県", "favorite_category": 2, "cart": null, "groups": [], "user_permissions": []}}, {"model": "tvasahi.customuser", "pk": 15, "fields": {"password": "pbkdf2_sha256$600000$2wg9ZpOMKa1V25J4WKwsPi$tJQMr5WN+jlutaekrtj1B3L2BnJO1heU77pdg8Ttt/Y=", "last_login": "2023-06-30T00:49:36.229Z", "is_superuser": false, "username": "makise", "first_name": "", "last_name": "", "is_staff": false, "is_active": true, "date_joined": "2023-06-28T06:19:19Z", "icon": "icon_images/IMG_6164_LdP4YLJ.jpg", "email": "makise@m.com", "address": "兵庫県", "favorite_category": 4, "cart": null, "groups": [], "user_permissions": []}}, {"model": "tvasahi.customuser", "pk": 16, "fields": {"password": "pbkdf2_sha256$600000$xG4FzS7iZLoHSn6Z1NmyYN$Gs3vXr2a63Glml6+ENVDAd/MnlIJ4E+TrFe3vnlEGn4=", "last_login": "2023-06-30T00:53:53.312Z", "is_superuser": false, "username": "matsutani", "first_name": "", "last_name": "", "is_staff": false, "is_active": true, "date_joined": "2023-06-28T06:20:05Z", "icon": "icon_images/IMG_6164_h0rSiaX.jpg", "email": "matsutani@m.com", "address": "山口県", "favorite_category": 6, "cart": null, "groups": [], "user_permissions": []}}, {"model": "store.goods", "pk": 1, "fields": {"name": "ゴーエクスパンダ もふもふマスコット", "price": 1430, "description": "テレ朝マスコットキャラ・ゴーちゃん。のマスコットチャームがリニューアル！\r\nもふもふで優しい肌触りのソフトボア地になりました。\r\n\r\nまいにちギュッてしてほしいブイ！\r\n\r\nゴーちゃん。アンバサダー認定証も付いてきます☆", "image": "goods_images/スクリーンショット_2023-06-23_12.43.58.png"}}, {"model": "store.goods", "pk": 2, "fields": {"name": "ゴーエクスパンダ アクリルスタンド(GOGO)", "price": 1100, "description": "実写版「生ゴーちゃん。」のアクリルスタンドです。\r\nゴーちゃん。らしいキュートなポーズや、ギター・マイクスタンドを持ったポーズなど、様々なゴーちゃん。が楽しめます！\r\nラインナップは通常絵柄8種類＋シークレット1種類。\r\nトレーディング形式なので、何が出るかは開けてからのお楽しみ♪\r\n大好きなアーティストやキャラクターのアクスタと一緒に、ゴーちゃん。もいろいろな場所へ連れて行ってくださいね☆", "image": "goods_images/スクリーンショット_2023-06-23_14.00.19.png"}}, {"model": "store.goods", "pk": 3, "fields": {"name": "ゴーちゃん。SNS風アクリルキーホルダー(10周年)", "price": 1000, "description": "ゴーちゃん。のSNS風アクリルキーホルダーが新登場！\r\n\r\nフレームの内側は透明になっているので、さまざまな場所でSNS風写真が撮影できます。\r\nぜひ、ゴーちゃん。と一緒に素敵な写真を撮ってください♪\r\nSNSに投稿してくれたら、ゴーちゃん。から「いいね！」が来るかも！？\r\n\r\nこちらは、10周年バージョンのデザインです。", "image": "goods_images/スクリーンショット_2023-06-23_12.45.23.png"}}, {"model": "store.goods", "pk": 4, "fields": {"name": "ゴーちゃん。SNS風アクリルキーホルダー(ギター)", "price": 1000, "description": "ゴーちゃん。のSNS風アクリルキーホルダーが新登場！\r\n\r\nフレームの内側は透明になっているので、さまざまな場所でSNS風写真が撮影できます。\r\nぜひ、ゴーちゃん。と一緒に素敵な写真を撮ってください♪\r\nSNSに投稿してくれたら、ゴーちゃん。から「いいね！」が来るかも！？\r\n\r\nこちらは、ギターゴーちゃん。バージョンのデザインです。", "image": "goods_images/スクリーンショット_2023-06-23_12.45.05.png"}}, {"model": "store.goods", "pk": 5, "fields": {"name": "ゴーエクスパンダ ゴーちゃん。ナップサック", "price": 800, "description": "ゴーちゃん。のナップサックが新登場！\r\n応援ゴーちゃん。とギターゴーちゃん。がそれぞれデザインされています。\r\nイベントなどで活躍すること間違いなし！\r\nこのバッグを持って、ぜひテレ朝にも遊びに来てね♪♪", "image": "goods_images/スクリーンショット_2023-06-23_12.46.12.png"}}, {"model": "store.goods", "pk": 6, "fields": {"name": "ゴーエクスパンダ ゆらゆらグラス", "price": 1222, "description": "ゴーエクスパンダより、ゆらゆら揺れる動きがかわいいグラスが登場です！\r\n\r\n中身の色でいろんなゴーちゃん。に変身しますよ。\r\n\r\nコロコロ転がったりはしないので、ご心配なく♪", "image": "goods_images/スクリーンショット_2023-06-23_12.46.55.png"}}, {"model": "store.goods", "pk": 7, "fields": {"name": "ゴーエクスパンダ ハンドパペット", "price": 1870, "description": "テレビ朝日マスコットキャラクター「ゴーちゃん。」のかわいいハンドパペットが登場です！\r\n\r\n仲良く楽しく遊んでね♪", "image": "goods_images/スクリーンショット_2023-06-23_14.05.41.png"}}, {"model": "store.goods", "pk": 8, "fields": {"name": "ゴーエクスパンダ クリアファイル(スマイル)", "price": 440, "description": "実写版「生ゴーちゃん。」のクリアファイルです。\r\n表面はゴーちゃん。の鬼寄りどアップ！\r\nそして裏面には、かわいらしいポーズのゴーちゃん。がいっぱいです。\r\nこのクリアファイルがあれば、勉強の時も仕事の時もいつでもゴーちゃん。と一緒です♪♪", "image": "goods_images/スクリーンショット_2023-06-23_12.44.35_8HkJz1N.png"}}, {"model": "store.goods", "pk": 9, "fields": {"name": "ゴーエクスパンダ クリアファイル(音楽)", "price": 440, "description": "実写版「生ゴーちゃん。」の“音楽”をモチーフとしたデザインのクリアファイルです。\r\n表面は、アーティストのようなギターやマイクスタンドを持ったカッコいいゴーちゃん。をデザイン。\r\nそして裏面には、推しを応援しているような、うちわを持ったキュートなゴーちゃん。が！\r\nみんなもゴーちゃん。と一緒に推しを応援しよう！！", "image": "goods_images/スクリーンショット_2023-06-23_14.10.29_l8w2oZt.png"}}, {"model": "store.goods", "pk": 10, "fields": {"name": "ゴーちゃん。 10周年アクリルスタンド", "price": 660, "description": "ゴーちゃん。10周年！記念のアクリルスタンドが登場です♪\r\n期間限定で配布されたLINEスタンプのイラストがアクリルスタンドになりました！\r\nLINEスタンプのイラストに、10周年記念イラスト2種類を追加した計10種類！\r\nトレーディング形式なので、何が出るかは開けてからのお楽しみ♪\r\nいろんな表情をしたとっても可愛いゴーちゃん。をぜひ集めてみてね☆", "image": "goods_images/スクリーンショット_2023-06-23_14.11.00.png"}}, {"model": "store.goods", "pk": 11, "fields": {"name": "ゴーエクスパンダ 棒ゴーちゃん。マスコット～曲がる！くっつく！！～", "price": 1100, "description": "「ゴーちゃん。」の新しいマスコットが登場！\r\n\r\n名付けて「棒ゴーちゃん。マスコット」！！\r\n\r\n2019年誕生日イベントのビジュアルを再現しました。\r\n\r\n手足を曲げることで、好きなポーズで飾ることができます。\r\n\r\nまた、足の裏にマグネットが入っているので、いろいろなところにくっつきます。\r\n\r\n楽しく遊んでね♪♪", "image": "goods_images/スクリーンショット_2023-06-23_14.12.04.png"}}, {"model": "store.goods", "pk": 12, "fields": {"name": "ゴーエクスパンダ トートバッグ(レコード柄)", "price": 1834, "description": "ゴーちゃん。トートバッグに新柄が登場。\r\n\r\nレコード盤にゴーちゃん。の顔が描かれた、かわいいデザインです。\r\n\r\nお出かけ用にぜひ♪", "image": "goods_images/スクリーンショット_2023-06-23_14.12.52.png"}}, {"model": "store.cartunit", "pk": 1, "fields": {"goods": 1, "quantity": 2}}, {"model": "store.cartunit", "pk": 2, "fields": {"goods": 10, "quantity": 2}}, {"model": "store.cartunit", "pk": 3, "fields": {"goods": 1, "quantity": 11}}, {"model": "store.cartunit", "pk": 4, "fields": {"goods": 3, "quantity": 1}}, {"model": "store.cartunit", "pk": 5, "fields": {"goods": 2, "quantity": 1}}, {"model": "store.cartunit", "pk": 8, "fields": {"goods": 1, "quantity": 1}}, {"model": "store.cartunit", "pk": 9, "fields": {"goods": 1, "quantity": 3}}, {"model": "store.cart", "pk": 1, "fields": {"units": []}}, {"model": "store.cart", "pk": 2, "fields": {"units": []}}, {"model": "store.purchase", "pk": 1, "fields": {"fk_user": 1, "fk_goods": 1, "purchase_time": "2023-06-28T04:32:36.680Z", "purchase_num": 2, "state_flag": true}}, {"model": "store.purchase", "pk": 2, "fields": {"fk_user": 1, "fk_goods": 10, "purchase_time": "2023-06-28T05:38:48.988Z", "purchase_num": 2, "state_flag": true}}, {"model": "store.purchase", "pk": 3, "fields": {"fk_user": 1, "fk_goods": 1, "purchase_time": "2023-06-28T05:38:49.006Z", "purchase_num": 11, "state_flag": true}}, {"model": "store.purchase", "pk": 4, "fields": {"fk_user": 1, "fk_goods": 3, "purchase_time": "2023-06-28T05:38:49.013Z", "purchase_num": 1, "state_flag": true}}, {"model": "store.purchase", "pk": 5, "fields": {"fk_user": 1, "fk_goods": 2, "purchase_time": "2023-06-28T05:38:49.016Z", "purchase_num": 1, "state_flag": true}}, {"model": "store.purchase", "pk": 6, "fields": {"fk_user": 12, "fk_goods": 1, "purchase_time": "2023-06-29T05:09:14.004Z", "purchase_num": 1, "state_flag": true}}, {"model": "store.purchase", "pk": 7, "fields": {"fk_user": 12, "fk_goods": 1, "purchase_time": "2023-06-29T05:32:21.311Z", "purchase_num": 3, "state_flag": true}}, {"model": "sessions.session", "pk": "0vbdwzhujspnisfr2fea7f7rxwie2mhq", "fields": {"session_data": ".eJxVjDsOgzAQRO-yNUJe8JcyfU4QRWjB5hMiO8GmiBB3D0g0lDPvzazQ0pygeqzQh2Bj_Zmgwgy-C_k0pt8etmcGNS1pqJfo5nq0UAHCpWuonZw_gH2R70PeBp_msckPJT9pzO_BuvftdC8HA8VhX0tDEhumiGsUpSDFHNPEpSl50wnTKaG16VAWnUWBireMK0InCyNRITHY_upxQr0:1qENaw:NhAyauCgbsbUY8hEAc0VKMqTWPtAle71xyduIYNSO28", "expire_date": "2023-07-12T05:19:58.456Z"}}, {"model": "sessions.session", "pk": "7al82sbtym0w1ur5b16n4i9rzlbfob0y", "fields": {"session_data": ".eJxVjEEOgjAQRe_StWmYMkxbl-49A5lpB0FNSSisjHdXEha6_e-9_zI9b-vYb1WXfsrmbMCZ0-8onB5adpLvXG6zTXNZl0nsrtiDVnudsz4vh_t3MHIdv7WKh9gQEDjX-RRDNyTyTWQiEGwlKKIPgEiCjhXZKfmcQpt4aMB15v0B18k3FA:1qF2b8:VkDpdoSvGj1J9IgxiUeWRR4JtTdMnwCxOIUv3OG3rfM", "expire_date": "2023-07-14T01:06:54.044Z"}}, {"model": "sessions.session", "pk": "d1lfn3uc0k6xut1kqm1w7v5j6lm2subv", "fields": {"session_data": ".eJxVjEEOwiAQRe_C2hCmhRlw6d4zkKGAVA0kpV0Z765NutDtf-_9l_C8rcVvPS1-juIsQJx-t8DTI9UdxDvXW5NTq-syB7kr8qBdXltMz8vh_h0U7uVbo2OEoIi1BTMaJpWUZY1u1CEbl8lY6zLgkCMYID0pTQwJB4dAwEq8P7HeNlo:1qCCvR:9TId8M5NMbB3Dnm9x-a6_9OZkuiwKnLAUmjw_1lpf3c", "expire_date": "2023-07-06T05:32:09.535Z"}}, {"model": "sessions.session", "pk": "d2v92g8bn2ob4hgezkoj6lrkkge7o62c", "fields": {"session_data": ".eJxVjEEOwiAQRe_C2hCmhRlw6d4zkKGAVA0kpV0Z765NutDtf-_9l_C8rcVvPS1-juIsQJx-t8DTI9UdxDvXW5NTq-syB7kr8qBdXltMz8vh_h0U7uVbo2OEoIi1BTMaJpWUZY1u1CEbl8lY6zLgkCMYID0pTQwJB4dAwEq8P7HeNlo:1qCC0C:bPGwIPWjNL2UH5pUpeZ7j-qFNjgwZNsQA1AcPLOouY4", "expire_date": "2023-07-06T04:33:00.527Z"}}, {"model": "sessions.session", "pk": "fj9nh8p5yrsy2ulqufem2qcv0gz49yat", "fields": {"session_data": ".eJxVjEEOwiAQRe_C2hCmhRlw6d4zkKGAVA0kpV0Z765NutDtf-_9l_C8rcVvPS1-juIsQJx-t8DTI9UdxDvXW5NTq-syB7kr8qBdXltMz8vh_h0U7uVbo2OEoIi1BTMaJpWUZY1u1CEbl8lY6zLgkCMYID0pTQwJB4dAwEq8P7HeNlo:1qCEIa:bRR24kq3wMGmzCeChh9MuNMqnJCaDMwTjMnSR0K8aVM", "expire_date": "2023-07-06T07:00:08.534Z"}}, {"model": "sessions.session", "pk": "ifv0agoggzuqxliqhxtklhff3o24ra8k", "fields": {"session_data": ".eJxVjEEOwiAQRe_C2hCmhRlw6d4zkKGAVA0kpV0Z765NutDtf-_9l_C8rcVvPS1-juIsQJx-t8DTI9UdxDvXW5NTq-syB7kr8qBdXltMz8vh_h0U7uVbo2OEoIi1BTMaJpWUZY1u1CEbl8lY6zLgkCMYID0pTQwJB4dAwEq8P7HeNlo:1qDxVV:t2gWRgje1ZYSCTar20B0Vuu67IVyosSm6GWw623k2QQ", "expire_date": "2023-07-11T01:28:37.363Z"}}, {"model": "sessions.session", "pk": "o6vbjpdczc5yyijwfkibhcigl1zsxvjb", "fields": {"session_data": ".eJxVjEEOwiAQRe_C2hCmhRlw6d4zkKGAVA0kpV0Z765NutDtf-_9l_C8rcVvPS1-juIsQJx-t8DTI9UdxDvXW5NTq-syB7kr8qBdXltMz8vh_h0U7uVbo2OEoIi1BTMaJpWUZY1u1CEbl8lY6zLgkCMYID0pTQwJB4dAwEq8P7HeNlo:1qENGw:nhPfWmD4tD5WpRKXSRXNnNAXBQhz8S3S3LUZZm0tklQ", "expire_date": "2023-07-12T04:59:18.870Z"}}, {"model": "sessions.session", "pk": "qnd58nsf89qzu3mxjt1pir03vpclzj4t", "fields": {"session_data": ".eJxVjEEOwiAQRe_C2hCmhRlw6d4zkKGAVA0kpV0Z765NutDtf-_9l_C8rcVvPS1-juIsQJx-t8DTI9UdxDvXW5NTq-syB7kr8qBdXltMz8vh_h0U7uVbo2OEoIi1BTMaJpWUZY1u1CEbl8lY6zLgkCMYID0pTQwJB4dAwEq8P7HeNlo:1qE37A:WqPpxzw3Jcd48JDLk0dn6buh4yZYy6MZ388hZ0S5-7c", "expire_date": "2023-07-11T07:27:52.626Z"}}, {"model": "sessions.session", "pk": "z4vw50cg1fgh2letxhzxwn2x7wgjsckt", "fields": {"session_data": ".eJxVjEEOwiAQRe_C2hCmhRlw6d4zkKGAVA0kpV0Z765NutDtf-_9l_C8rcVvPS1-juIsQJx-t8DTI9UdxDvXW5NTq-syB7kr8qBdXltMz8vh_h0U7uVbo2OEoIi1BTMaJpWUZY1u1CEbl8lY6zLgkCMYID0pTQwJB4dAwEq8P7HeNlo:1qEKZL:OQUx1YQtBdTFOGeAKnNFEWVgw0QN6KLLJil9TlX-P58", "expire_date": "2023-07-12T02:06:07.236Z"}}]