[{"model": "tvasahi.date", "pk": 1, "fields": {"on_air_date": "6/27"}}, {"model": "tvasahi.date", "pk": 2, "fields": {"on_air_date": "6/28"}}, {"model": "tvasahi.date", "pk": 3, "fields": {"on_air_date": "6/29"}}, {"model": "tvasahi.date", "pk": 4, "fields": {"on_air_date": "6/30"}}, {"model": "tvasahi.date", "pk": 5, "fields": {"on_air_date": "7/1"}}, {"model": "tvasahi.date", "pk": 6, "fields": {"on_air_date": "7/2"}}, {"model": "tvasahi.date", "pk": 7, "fields": {"on_air_date": "7/3"}}, {"model": "tvasahi.category", "pk": 1, "fields": {"category_name": "ドラマ・映画"}}, {"model": "tvasahi.category", "pk": 2, "fields": {"category_name": "バラエティ"}}, {"model": "tvasahi.category", "pk": 3, "fields": {"category_name": "音楽"}}, {"model": "tvasahi.category", "pk": 4, "fields": {"category_name": "アニメ・ヒーロー"}}, {"model": "tvasahi.category", "pk": 5, "fields": {"category_name": "報道・情報・ドキュメンタリー"}}, {"model": "tvasahi.category", "pk": 6, "fields": {"category_name": "スポーツ"}}, {"model": "tvasahi.category", "pk": 7, "fields": {"category_name": "料理・旅・暮らし"}}, {"model": "tvasahi.tv", "pk": 1, "fields": {"program_name": "おはよう!時代劇　暴れん坊将軍9　#31", "time": "04:00:00", "content": "▽侍が辻斬り4人組に殺されるのを目撃した辰五郎は、辻斬りのあとを追うも逃げられてしまう。さらに現場に戻ると…", "url": null, "category": 1, "date": 1, "created_at": "2023-06-22T08:06:48Z"}}, {"model": "tvasahi.tv", "pk": 2, "fields": {"program_name": "グッド!モーニング", "time": "04:55:00", "content": "けさ知っておきたいニュースを独自目線でわかりやすく伝えます。林先生の「ことば検定」、依田さんの「お天気検定」、「ニュース検定」、「エンタメ検定」にも挑戦しよう!", "url": "https://www.tv-asahi.co.jp/goodmorning/", "category": 5, "date": 1, "created_at": "2023-06-22T08:15:17Z"}}, {"model": "tvasahi.tv", "pk": 3, "fields": {"program_name": "羽鳥慎一モーニングショー", "time": "08:00:00", "content": "羽鳥慎一が毎日の様々なニュースを、分かりやすくお伝えします。暮らしをよりよくする情報はもちろん、難しいことは何が問題なのか、パネルを駆使して読み解きます。", "url": "https://www.tv-asahi.co.jp/m-show/", "category": 5, "date": 1, "created_at": "2023-06-23T00:58:12Z"}}, {"model": "tvasahi.tv", "pk": 4, "fields": {"program_name": "じゅん散歩", "time": "09:55:00", "content": "三代目散歩人・高田純次が「中野」を散策▽WBC侍ジャパンが食べた話題のラーメン▽ダルビッシュも納得 濃厚スープ▽最新ビデオカメラ&amp;鉄道史を感じる時刻表ミュージアムも", "url": "https://www.tv-asahi.co.jp/junsanpo/", "category": 7, "date": 1, "created_at": "2023-06-23T00:59:25Z"}}, {"model": "tvasahi.tv", "pk": 5, "fields": {"program_name": "大下容子ワイド!スクランブル", "time": "10:25:00", "content": "スタジオの気鋭の識者たちが、視聴者に知っておいてもらいたい情報、抱いている疑問を深掘り解説!", "url": "https://www.tv-asahi.co.jp/scramble/", "category": 5, "date": 1, "created_at": "2023-06-23T01:00:08Z"}}, {"model": "tvasahi.tv", "pk": 6, "fields": {"program_name": "徹子の部屋", "time": "13:00:00", "content": "司会の黒柳徹子さんが、各界の著名人はもちろん、時の人、話題の人をゲストに迎え、絶妙の話術を駆使してゲストの魅力に迫る、昭和51年放送開始の長寿トーク番組です。", "url": "https://www.tv-asahi.co.jp/tetsuko/", "category": 2, "date": 1, "created_at": "2023-06-23T01:00:53Z"}}, {"model": "tvasahi.tv", "pk": 7, "fields": {"program_name": "DAIGOも台所　〜きょうの献立　何にする?〜　一皿でバランスOK!おかずサラダ", "time": "13:30:00", "content": "冷蔵庫の食材管理もしながら、家族の好みや栄養バランス、肉・魚・野菜のローテーションも考えて献立を決めるのは本当に大変…日々の料理の悩みにこたえる献立を複数提案!", "url": null, "category": 7, "date": 1, "created_at": "2023-06-23T01:01:23Z"}}, {"model": "tvasahi.tv", "pk": 8, "fields": {"program_name": "東京サイト　「印刷博物館」", "time": "13:45:00", "content": "「東京・ミュージアム ぐるっとパス2023」は、幅広いジャンルの美術館や博物館など101の施設で、入場券や割引券として使えるチケット。今回は「印刷博物館」をご紹介。", "url": "https://www.tv-asahi.co.jp/t-site/", "category": 7, "date": 1, "created_at": "2023-06-23T01:02:08Z"}}, {"model": "tvasahi.tv", "pk": 9, "fields": {"program_name": "ANNニュース", "time": "13:49:00", "content": "正確なニュース・情報をいち早くお伝えするANNニュース!テレビ朝日系列の放送局26局が総力をあげ、緻密な取材にもとづいたニュースを最新機材を駆使して放送します。", "url": "https://news.tv-asahi.co.jp/", "category": 5, "date": 1, "created_at": "2023-06-23T01:02:37Z"}}, {"model": "tvasahi.tv", "pk": 10, "fields": {"program_name": "西村京太郎サスペンス　鉄道捜査官14", "time": "13:54:00", "content": "「伊豆急リゾート21号パノラマ展望車で殺された女!箱根ゴールデンルート 空と湖の逆転アリバイトリック」沢口靖子", "url": null, "category": 1, "date": 1, "created_at": "2023-06-23T01:03:12Z"}}, {"model": "tvasahi.tv", "pk": 11, "fields": {"program_name": "相棒17　#19", "time": "15:48:00", "content": "「漂流少年〜月本幸子の決断」水谷豊、反町隆史 ▽“花の里\"女将・月本幸子が出会った青年は、振り込め詐欺グループとの関与が疑われていた。彼の無実を信じる幸子は…", "url": null, "category": 1, "date": 1, "created_at": "2023-06-23T01:03:42Z"}}, {"model": "tvasahi.tv", "pk": 12, "fields": {"program_name": "スーパーJチャンネル", "time": "16:45:00", "content": "視聴者が知りたいニュース・情報をズバリお伝えします!テレビ朝日の系列局26局(ANN)が総力取材!いち早く正確な情報を届けます。", "url": "https://www.tv-asahi.co.jp/super-j/", "category": 5, "date": 1, "created_at": "2023-06-23T01:04:07Z"}}, {"model": "tvasahi.tv", "pk": 13, "fields": {"program_name": "家事ヤロウ!!!", "time": "19:00:00", "content": "バカリズム・中丸雄一・カズレーザーの家事初心者3人が家事をゼロから学ぶドキュメントバラエティー!家事の基礎を狭く・ユルく・深く学んでいく!", "url": "https://www.tv-asahi.co.jp/kajiyarou/", "category": 2, "date": 1, "created_at": "2023-06-23T01:04:47Z"}}, {"model": "tvasahi.tv", "pk": 14, "fields": {"program_name": "有吉クイズ SP【芸能人ひとりキャンプGPに出川!&有吉イチからうな重作り】", "time": "20:00:00", "content": "有吉弘行も解答者&謎の私生活密着で禁断クイズも!解答者がプライベートを切り売りしたり、体を張ってクイズを出題!", "url": null, "category": 2, "date": 1, "created_at": "2023-06-23T01:05:24Z"}}, {"model": "tvasahi.tv", "pk": 15, "fields": {"program_name": "私の幸福時間", "time": "21:48:00", "content": "あなたの「しあわせ」は、どこから?なにから?友人や家族と過ごす時間、歴史や文化に触れ合う時間、趣味に没頭する時間…誰もがもっている“大切なひととき\"をご紹介。", "url": "https://www.tv-asahi.co.jp/shiawasejikan/", "category": 7, "date": 1, "created_at": "2023-06-23T01:05:51Z"}}, {"model": "tvasahi.tv", "pk": 16, "fields": {"program_name": "報道ステーション", "time": "21:54:00", "content": "「深く、力強く、きょう色々。」大越健介キャスターが、きょう知りたいニュースを“深い洞察\"と“平たい言葉\"でお送りします。", "url": null, "category": 1, "date": 1, "created_at": "2023-06-23T01:06:21Z"}}, {"model": "tvasahi.tv", "pk": 17, "fields": {"program_name": "世界の車窓から", "time": "23:10:00", "content": "ベトナム南北縦断1800キロの旅#10834『フエの王宮と学生たち』曲名♪「Ngay Phep Cua Linh」by.Phuong Tam", "url": "https://www.tv-asahi.co.jp/londonhearts/", "category": 7, "date": 1, "created_at": "2023-06-23T01:06:46Z"}}, {"model": "tvasahi.tv", "pk": 18, "fields": {"program_name": "ロンドンハーツ　うぬぼれ注意!オトコの自分番付", "time": "23:15:00", "content": "\"スタジオの売れっ子芸人7名を、元テレビ東京・森香澄アナが付き合いたい順にランク付け!!\r\nそのランキングを、芸人たち自身がガチ予想する禁断企画!!\"", "url": "https://www.tv-asahi.co.jp/londonhearts/", "category": 2, "date": 1, "created_at": "2023-06-23T01:07:27Z"}}, {"model": "tvasahi.tv", "pk": 19, "fields": {"program_name": "証言者バラエティ　アンタウォッチマン!", "time": "23:45:00", "content": "“今、見たい実力派芸人\"を取り上げ、彼らの時代を目撃した証人(=ウォッチマン)たちの証言から、“面白さの秘密\"を分析していく“証言者バラエティ\"!", "url": "https://www.tv-asahi.co.jp/antawatchman/", "category": 2, "date": 1, "created_at": "2023-06-23T01:08:18Z"}}, {"model": "tvasahi.tv", "pk": 20, "fields": {"program_name": "テレ朝番組みどころナビ", "time": "24:15:00", "content": "テレビ朝日のおすすめ番組をご紹介!", "url": null, "category": 2, "date": 1, "created_at": "2023-06-23T01:08:47Z"}}, {"model": "tvasahi.tv", "pk": 21, "fields": {"program_name": "ネオバズ!!　マッドマックスTV", "time": "24:20:00", "content": "予測不能…MCニューヨーク&さらば森田のアブナイ番組!", "url": "https://www.tv-asahi.co.jp/neobuzz/", "category": 2, "date": 1, "created_at": "2023-06-23T01:09:13Z"}}, {"model": "tvasahi.tv", "pk": 22, "fields": {"program_name": "全力坂", "time": "25:20:00", "content": "この坂を登り切れたら、自分の中の何かが変わる気がする。いや変わるはずだ。坂を全力で駆け上がる女性たちの姿と、話題の商品・エンタメ情報をお届けする深夜番組登場。", "url": "https://www.tv-asahi.co.jp/saka/", "category": 6, "date": 1, "created_at": "2023-06-23T01:09:48Z"}}, {"model": "tvasahi.tv", "pk": 23, "fields": {"program_name": "フリースタイルティーチャー", "time": "25:26:00", "content": "第3回「芸人ラッパーニューカマートーナメント」ニューカマー芸人ラッパーが激突!", "url": "https://www.tv-asahi.co.jp/freestyle_teacher/#/", "category": 2, "date": 1, "created_at": "2023-06-23T01:10:17Z"}}, {"model": "tvasahi.tv", "pk": 24, "fields": {"program_name": "140×875", "time": "25:56:00", "content": "Twitterの文字数制限140字の中で、表現の限界と可能性にハナコが挑戦する超実験的番組。コント・ドラマ・ロケ…あらゆる140字企画にチャレンジ!", "url": null, "category": 2, "date": 1, "created_at": "2023-06-23T01:10:46Z"}}, {"model": "tvasahi.tv", "pk": 25, "fields": {"program_name": "イワクラと吉住の番組", "time": "26:13:00", "content": "蛙亭・イワクラ×吉住が、街の人々が抱える“小さな悩みや秘密\"を聞いて本音で語り合うトークバラエティー。", "url": null, "category": 2, "date": 1, "created_at": "2023-06-23T01:12:58Z"}}, {"model": "tvasahi.tv", "pk": 26, "fields": {"program_name": "ランジャタイのがんばれ地上波!", "time": "26:30:00", "content": "ランジャタイのキー局初冠番組!テレビの定番企画を2人ならどう逸脱するのか…?　ランジャタイといっしょに「自由で新しい地上波テレビの表現」を模索する!", "url": null, "category": 2, "date": 1, "created_at": "2023-06-23T01:13:22Z"}}, {"model": "tvasahi.tv", "pk": 27, "fields": {"program_name": "ジェシカ美術部", "time": "26:47:00", "content": "真空ジェシカ初の冠番組!!真空ジェシカ+アート=違和感カオスバラエティー!?新進気鋭のアーティストとの作品制作やアートにまつわるコント披露など、内容盛りだくさん!!", "url": null, "category": 2, "date": 1, "created_at": "2023-06-23T01:13:51Z"}}, {"model": "tvasahi.tv", "pk": 28, "fields": {"program_name": "ワカコさんとマサルくんのお宅は買わないの??", "time": "27:04:00", "content": "ワカコさんとマサルくんにアナウンサーを目指す学生達が今話題の商品を紹介!その魅力と衝撃の価格にスタジオは驚きの連続!それでもお宅は買わないの??", "url": null, "category": 2, "date": 1, "created_at": "2023-06-23T01:14:15Z"}}, {"model": "tvasahi.tv", "pk": 29, "fields": {"program_name": "ミッドナイトマルシェ", "time": "27:30:00", "content": "ダイエット・美容・ヘアケア・健康・ライフ・キッチン・雑貨・宝飾・電化製品‥日本・米国を始め世界中の逸品を自宅でくつろぎながらショッピング!", "url": null, "category": 7, "date": 1, "created_at": "2023-06-23T01:14:40Z"}}, {"model": "tvasahi.tv", "pk": 30, "fields": {"program_name": "おはよう!時代劇　暴れん坊将軍9　#32", "time": "04:00:00", "content": "「母なればこそ!椿の花は知っていた」松平健▽凶悪な盗賊おぼろの藤兵衛一味を追っていた大岡忠相は、一味が荒れ寺を隠れ家としていることを突き止め、寺を急襲するが…", "url": null, "category": 1, "date": 2, "created_at": "2023-06-23T01:48:21Z"}}, {"model": "tvasahi.tv", "pk": 31, "fields": {"program_name": "グッド!モーニング", "time": "04:55:00", "content": "けさ知っておきたいニュースを独自目線でわかりやすく伝えます。林先生の「ことば検定」、依田さんの「お天気検定」、「ニュース検定」、「エンタメ検定」にも挑戦しよう!", "url": "http://www.tv-asahi.co.jp/goodmorning/", "category": 5, "date": 2, "created_at": "2023-06-23T01:49:15Z"}}, {"model": "tvasahi.tv", "pk": 32, "fields": {"program_name": "羽鳥慎一モーニングショー", "time": "08:00:00", "content": "羽鳥慎一が毎日の様々なニュースを、分かりやすくお伝えします。暮らしをよりよくする情報はもちろん、難しいことは何が問題なのか、パネルを駆使して読み解きます。", "url": "http://www.tv-asahi.co.jp/m-show/", "category": 5, "date": 2, "created_at": "2023-06-23T02:02:22Z"}}, {"model": "tvasahi.tv", "pk": 33, "fields": {"program_name": "じゅん散歩", "time": "09:55:00", "content": "三代目散歩人・高田純次が「東中野」を散策▽鮮魚店自慢のまぐろ&総菜▽SNSで話題のボードゲーム制作会社▽タンメン・チャーハン…中華料理のカード早出し対決!", "url": "http://www.tv-asahi.co.jp/junsanpo/", "category": 7, "date": 2, "created_at": "2023-06-23T02:02:48Z"}}, {"model": "tvasahi.tv", "pk": 34, "fields": {"program_name": "大下容子ワイド!スクランブル", "time": "10:25:00", "content": "スタジオの気鋭の識者たちが、視聴者に知っておいてもらいたい情報、抱いている疑問を深掘り解説!", "url": "http://www.tv-asahi.co.jp/scramble/", "category": 5, "date": 2, "created_at": "2023-06-23T02:03:23Z"}}, {"model": "tvasahi.tv", "pk": 35, "fields": {"program_name": "徹子の部屋", "time": "13:00:00", "content": "司会の黒柳徹子さんが、各界の著名人はもちろん、時の人、話題の人をゲストに迎え、絶妙の話術を駆使してゲストの魅力に迫る、昭和51年放送開始の長寿トーク番組です。", "url": "http://www.tv-asahi.co.jp/tetsuko/", "category": 2, "date": 2, "created_at": "2023-06-23T02:03:53Z"}}, {"model": "tvasahi.tv", "pk": 36, "fields": {"program_name": "DAIGOも台所　〜きょうの献立　何にする?〜　イチオシ!土鍋ごはん&おむすび", "time": "13:30:00", "content": "冷蔵庫の食材管理もしながら、家族の好みや栄養バランス、肉・魚・野菜のローテーションも考えて献立を決めるのは本当に大変…今日は先生がぜひ伝えたいレシピをご紹介!", "url": null, "category": 7, "date": 2, "created_at": "2023-06-23T02:05:13Z"}}, {"model": "tvasahi.tv", "pk": 37, "fields": {"program_name": "東京サイト　「多摩六都科学館」", "time": "13:45:00", "content": "「東京・ミュージアム ぐるっとパス2023」は、幅広いジャンルの美術館や博物館など101の施設で、入場券や割引券として使えるチケット。今回は「多摩六都科学館」をご紹介。", "url": "http://www.tv-asahi.co.jp/t-site/", "category": 7, "date": 2, "created_at": "2023-06-23T02:05:52Z"}}, {"model": "tvasahi.tv", "pk": 38, "fields": {"program_name": "ANNニュース", "time": "13:49:00", "content": "正確なニュース・情報をいち早くお伝えするANNニュース!テレビ朝日系列の放送局26局が総力をあげ、緻密な取材にもとづいたニュースを最新機材を駆使して放送します。", "url": "http://news.tv-asahi.co.jp/", "category": 5, "date": 2, "created_at": "2023-06-23T02:06:20Z"}}, {"model": "tvasahi.tv", "pk": 39, "fields": {"program_name": "科捜研の女17　#15", "time": "13:54:00", "content": "「マリコvs顔面記憶男 逃亡犯500人を暴く謎のラーメン」沢口靖子▽目視で手配犯を逮捕する“見当たり捜査\"のプロが、手配犯を目撃しながら取り逃がしてしまい…", "url": null, "category": 1, "date": 2, "created_at": "2023-06-23T02:06:51Z"}}, {"model": "tvasahi.tv", "pk": 40, "fields": {"program_name": "刑事7人9　#3", "time": "14:51:00", "content": "「続く警察内部の暴露!老老介護の暴走息子…父の悲しき決断とは」東山紀之▽高齢夫婦宅に同居する息子が刺殺された。息子は近隣の評判が悪く、母親への暴力も。さらに…", "url": "http://www.tv-asahi.co.jp/keiji7_09/", "category": 1, "date": 2, "created_at": "2023-06-23T02:07:17Z"}}, {"model": "tvasahi.tv", "pk": 41, "fields": {"program_name": "相棒13　#18", "time": "15:48:00", "content": "「苦い水」水谷豊、成宮寛貴▽公園で見つかった男性の遺体の第一発見者は国会議員の片山雛子だった。雛子の恋人と噂されるもう一人の男性を巻き込み、事態は二転三転し…", "url": null, "category": 1, "date": 2, "created_at": "2023-06-23T02:07:44Z"}}, {"model": "tvasahi.tv", "pk": 42, "fields": {"program_name": "スーパーJチャンネル", "time": "16:45:00", "content": "視聴者が知りたいニュース・情報をズバリお伝えします!テレビ朝日の系列局26局(ANN)が総力取材!いち早く正確な情報を届けます。", "url": "http://www.tv-asahi.co.jp/super-j/", "category": 5, "date": 2, "created_at": "2023-06-23T02:08:12Z"}}, {"model": "tvasahi.tv", "pk": 43, "fields": {"program_name": "くりぃむクイズ　ミラクル9　2時間SP", "time": "19:00:00", "content": "くりぃむしちゅー上田がMCを務める新感覚クイズバラエティ。有田チームとゲストキャプテン率いるチームとの対抗戦!著名人が様々なクイズに挑戦します", "url": "http://www.tv-asahi.co.jp/miracle9/", "category": 2, "date": 2, "created_at": "2023-06-23T02:08:38Z"}}, {"model": "tvasahi.tv", "pk": 44, "fields": {"program_name": "私の幸福時間", "time": "20:54:00", "content": "あなたの「しあわせ」は、どこから?なにから?友人や家族と過ごす時間、歴史や文化に触れ合う時間、趣味に没頭する時間…誰もがもっている“大切なひととき\"をご紹介。", "url": "http://www.tv-asahi.co.jp/shiawasejikan/", "category": 7, "date": 2, "created_at": "2023-06-23T02:09:03Z"}}, {"model": "tvasahi.tv", "pk": 45, "fields": {"program_name": "刑事7人　#4", "time": "21:00:00", "content": "8年前の家政婦による毒殺事件を再び調べていた弁護士が殺害された。当時、決定的証拠を掴んだのは鑑識の岡崎だった。岡崎の捏造疑惑を払拭できない天樹は捜査に向かうが…", "url": "http://www.tv-asahi.co.jp/keiji7_09/", "category": 1, "date": 2, "created_at": "2023-06-23T02:09:30Z"}}, {"model": "tvasahi.tv", "pk": 46, "fields": {"program_name": "報道ステーション", "time": "21:54:00", "content": "「深く、力強く、きょう色々。」大越健介キャスターが、きょう知りたいニュースを“深い洞察\"と“平たい言葉\"でお送りします。", "url": "http://www.tv-asahi.co.jp/hst/", "category": 5, "date": 2, "created_at": "2023-06-23T02:09:57Z"}}, {"model": "tvasahi.tv", "pk": 47, "fields": {"program_name": "博多華丸・大吉の世界水泳福岡ばい!", "time": "23:10:00", "content": "\"7月開幕!世界水泳福岡。常連客の博多大吉が通うのは元スイマー博多華丸の屋台“世界水泳\"\"。\r\n大会の注目ポイントや知れば通になる選手情報など旬なネタをお届けします!\"", "url": "http://www.tv-asahi.co.jp/matenbai/", "category": 2, "date": 2, "created_at": "2023-06-23T02:10:25Z"}}, {"model": "tvasahi.tv", "pk": 48, "fields": {"program_name": "かまいガチ", "time": "23:15:00", "content": "かまいたちの2人が今持てる全ての力を注ぎ込み“ガチでそのとき面白いと思うこと\"に挑戦するかまいたちの関東初冠レギュラー番組!", "url": "http://www.tv-asahi.co.jp/kamaigachi/", "category": 2, "date": 2, "created_at": "2023-06-23T02:10:51Z"}}, {"model": "tvasahi.tv", "pk": 49, "fields": {"program_name": "くりぃむナンタラ　日向坂46を遠隔操作ドッキリ完結編!お笑い怪物と化したアイドル", "time": "23:45:00", "content": "くりぃむら芸人軍団が日向坂46を遠隔操作!アイドルが突然お笑い無双に変身したら…ダイアン&ぺこぱが動揺&ガチギレ!後半戦の今回は大喜利対決!1万年後の津田に大爆笑", "url": "http://www.tv-asahi.co.jp/nantara/", "category": 2, "date": 2, "created_at": "2023-06-23T02:11:19Z"}}, {"model": "tvasahi.tv", "pk": 50, "fields": {"program_name": "テレ朝番組みどころナビ", "time": "24:15", "content": "テレビ朝日のおすすめ番組をご紹介!", "url": null, "category": 1, "date": 2, "created_at": "2023-06-23T02:11:48Z"}}, {"model": "tvasahi.tv", "pk": 51, "fields": {"program_name": "ネオバズ!!　恋するアテンダー", "time": "24:20", "content": "芸能界の人脈自慢「アテンダー」が恋人がいない芸能人「ロンリーさん」にピッタリの恋人候補を紹介!", "url": "http://www.tv-asahi.co.jp/neobuzz/", "category": 2, "date": 2, "created_at": "2023-06-23T02:42:23Z"}}, {"model": "tvasahi.tv", "pk": 52, "fields": {"program_name": "全力坂", "time": "25:20", "content": "この坂を登り切れたら、自分の中の何かが変わる気がする。いや変わるはずだ。坂を全力で駆け上がる女性たちの姿と、話題の商品・エンタメ情報をお届けする深夜番組登場。", "url": "http://www.tv-asahi.co.jp/saka/", "category": 2, "date": 2, "created_at": "2023-06-23T02:43:20Z"}}, {"model": "tvasahi.tv", "pk": 53, "fields": {"program_name": "Break　Out", "time": "25:26", "content": "様々なシーンの最前線で活躍するアーティストたちに愛を捧げ、その素顔や魅力を発掘する音楽番組。", "url": "http://www.tv-asahi.co.jp/break-out/", "category": 3, "date": 2, "created_at": "2023-06-23T02:44:02Z"}}, {"model": "tvasahi.tv", "pk": 54, "fields": {"program_name": "岩井&花澤　まんが未知", "time": "25:56", "content": "《芸能人×漫画家》未知なる才能を掛け算する新感覚漫画バラエティ!", "url": null, "category": 2, "date": 2, "created_at": "2023-06-23T02:44:45Z"}}, {"model": "tvasahi.tv", "pk": 55, "fields": {"program_name": "シソンヌ長谷川×○○のキマリ INI高塚&田島&松田参戦!これまでの人生を振り返る!", "time": "26:13", "content": "世代No.1コント師との呼び声高いシソンヌ長谷川と若い世代に支持されるアーティストがコラボ!一般の方々の「マイルール」=“キマリ\"を肴に本音をぶつけあうトーク番組!", "url": null, "category": 2, "date": 2, "created_at": "2023-06-23T02:45:07Z"}}, {"model": "tvasahi.tv", "pk": 56, "fields": {"program_name": "ミセススクールクエスト", "time": "26:30", "content": "ミセスが新たな高校へ!教室にサプライズ突撃するが、もぬけの殻!?いったい何が?バスケ部では部長に“3on1\"で挑む大人気ない戦いで、今回こそ勝利できるのか!?", "url": null, "category": 2, "date": 2, "created_at": "2023-06-23T02:45:30Z"}}, {"model": "tvasahi.tv", "pk": 57, "fields": {"program_name": "杉谷拳士が取材中", "time": "26:47", "content": "杉谷拳士のYouTubeで100万再生超え企画を再現!?社長だけがつくることが出来る特殊なカードを杉谷が取材!", "url": null, "category": 2, "date": 2, "created_at": "2023-06-23T02:46:06Z"}}, {"model": "tvasahi.tv", "pk": 58, "fields": {"program_name": "ワカコさんとマサルくんのお宅は買わないの??", "time": "27:04", "content": "ワカコさんとマサルくんにアナウンサーを目指す学生達が今話題の商品を紹介!その魅力と衝撃の価格にスタジオは驚きの連続!それでもお宅は買わないの??", "url": null, "category": 2, "date": 2, "created_at": "2023-06-23T02:46:29Z"}}, {"model": "tvasahi.tv", "pk": 59, "fields": {"program_name": "ミッドナイトマルシェ", "time": "27:30", "content": "ダイエット・美容・ヘアケア・健康・ライフ・キッチン・雑貨・宝飾・電化製品‥日本・米国を始め世界中の逸品を自宅でくつろぎながらショッピング!", "url": null, "category": 7, "date": 2, "created_at": "2023-06-23T02:47:02Z"}}, {"model": "tvasahi.customuser", "pk": 1, "fields": {"password": "pbkdf2_sha256$600000$wmyuFyaiG9filjNIH6oi8X$Jkbo+g8rluYhZ9UZQgvyq9XTFKqLrtGVUEKIX193whM=", "last_login": "2023-06-22T04:33:00.525Z", "is_superuser": true, "username": "admin", "first_name": "", "last_name": "", "email": "a@a.com", "is_staff": true, "is_active": true, "date_joined": "2023-06-22T04:32:35.750Z", "groups": [], "user_permissions": []}}, {"model": "admin.logentry", "pk": 1, "fields": {"action_time": "2023-06-22T05:38:00.762Z", "user": 1, "content_type": 1, "object_id": "1", "object_repr": "ドラマ・映画", "action_flag": 1, "change_message": "[{\"added\": {}}]"}}, {"model": "admin.logentry", "pk": 2, "fields": {"action_time": "2023-06-22T05:44:39.425Z", "user": 1, "content_type": 1, "object_id": "2", "object_repr": "バラエティ", "action_flag": 1, "change_message": "[{\"added\": {}}]"}}, {"model": "admin.logentry", "pk": 3, "fields": {"action_time": "2023-06-22T06:42:33.734Z", "user": 1, "content_type": 2, "object_id": "1", "object_repr": "6/27", "action_flag": 1, "change_message": "[{\"added\": {}}]"}}, {"model": "admin.logentry", "pk": 4, "fields": {"action_time": "2023-06-22T06:57:15.404Z", "user": 1, "content_type": 2, "object_id": "2", "object_repr": "6/28", "action_flag": 1, "change_message": "[{\"added\": {}}]"}}, {"model": "admin.logentry", "pk": 5, "fields": {"action_time": "2023-06-22T06:57:20.277Z", "user": 1, "content_type": 2, "object_id": "3", "object_repr": "6/29", "action_flag": 1, "change_message": "[{\"added\": {}}]"}}, {"model": "admin.logentry", "pk": 6, "fields": {"action_time": "2023-06-22T06:57:24.330Z", "user": 1, "content_type": 2, "object_id": "4", "object_repr": "6/30", "action_flag": 1, "change_message": "[{\"added\": {}}]"}}, {"model": "admin.logentry", "pk": 7, "fields": {"action_time": "2023-06-22T06:57:27.308Z", "user": 1, "content_type": 2, "object_id": "5", "object_repr": "7/1", "action_flag": 1, "change_message": "[{\"added\": {}}]"}}, {"model": "admin.logentry", "pk": 8, "fields": {"action_time": "2023-06-22T06:57:31.636Z", "user": 1, "content_type": 2, "object_id": "6", "object_repr": "7/2", "action_flag": 1, "change_message": "[{\"added\": {}}]"}}, {"model": "admin.logentry", "pk": 9, "fields": {"action_time": "2023-06-22T06:57:35.575Z", "user": 1, "content_type": 2, "object_id": "7", "object_repr": "7/3", "action_flag": 1, "change_message": "[{\"added\": {}}]"}}, {"model": "admin.logentry", "pk": 10, "fields": {"action_time": "2023-06-22T07:27:08.170Z", "user": 1, "content_type": 1, "object_id": "3", "object_repr": "音楽", "action_flag": 1, "change_message": "[{\"added\": {}}]"}}, {"model": "admin.logentry", "pk": 11, "fields": {"action_time": "2023-06-22T07:27:22.100Z", "user": 1, "content_type": 1, "object_id": "4", "object_repr": "アニメ・ヒーロー", "action_flag": 1, "change_message": "[{\"added\": {}}]"}}, {"model": "admin.logentry", "pk": 12, "fields": {"action_time": "2023-06-22T07:27:46.044Z", "user": 1, "content_type": 1, "object_id": "5", "object_repr": "報道・情報・ドキュメンタリー", "action_flag": 1, "change_message": "[{\"added\": {}}]"}}, {"model": "admin.logentry", "pk": 13, "fields": {"action_time": "2023-06-22T07:27:56.066Z", "user": 1, "content_type": 1, "object_id": "6", "object_repr": "スポーツ", "action_flag": 1, "change_message": "[{\"added\": {}}]"}}, {"model": "admin.logentry", "pk": 14, "fields": {"action_time": "2023-06-22T07:28:04.245Z", "user": 1, "content_type": 1, "object_id": "7", "object_repr": "料理・旅・暮らし", "action_flag": 1, "change_message": "[{\"added\": {}}]"}}, {"model": "admin.logentry", "pk": 15, "fields": {"action_time": "2023-06-22T08:14:46.039Z", "user": 1, "content_type": 3, "object_id": "1", "object_repr": "Tv object (1)", "action_flag": 1, "change_message": "[{\"added\": {}}]"}}, {"model": "admin.logentry", "pk": 16, "fields": {"action_time": "2023-06-22T08:17:18.670Z", "user": 1, "content_type": 3, "object_id": "2", "object_repr": "Tv object (2)", "action_flag": 1, "change_message": "[{\"added\": {}}]"}}, {"model": "admin.logentry", "pk": 17, "fields": {"action_time": "2023-06-23T00:59:16.987Z", "user": 1, "content_type": 3, "object_id": "3", "object_repr": "羽鳥慎一モーニングショー", "action_flag": 1, "change_message": "[{\"added\": {}}]"}}, {"model": "admin.logentry", "pk": 18, "fields": {"action_time": "2023-06-23T01:00:08.448Z", "user": 1, "content_type": 3, "object_id": "4", "object_repr": "じゅん散歩", "action_flag": 1, "change_message": "[{\"added\": {}}]"}}, {"model": "admin.logentry", "pk": 19, "fields": {"action_time": "2023-06-23T01:00:49.981Z", "user": 1, "content_type": 3, "object_id": "5", "object_repr": "大下容子ワイド!スクランブル", "action_flag": 1, "change_message": "[{\"added\": {}}]"}}, {"model": "admin.logentry", "pk": 20, "fields": {"action_time": "2023-06-23T01:01:23.256Z", "user": 1, "content_type": 3, "object_id": "6", "object_repr": "徹子の部屋", "action_flag": 1, "change_message": "[{\"added\": {}}]"}}, {"model": "admin.logentry", "pk": 21, "fields": {"action_time": "2023-06-23T01:02:08.396Z", "user": 1, "content_type": 3, "object_id": "7", "object_repr": "DAIGOも台所　〜きょうの献立　何にする?〜　一皿でバランスOK!おかずサラダ", "action_flag": 1, "change_message": "[{\"added\": {}}]"}}, {"model": "admin.logentry", "pk": 22, "fields": {"action_time": "2023-06-23T01:02:37.282Z", "user": 1, "content_type": 3, "object_id": "8", "object_repr": "東京サイト　「印刷博物館」", "action_flag": 1, "change_message": "[{\"added\": {}}]"}}, {"model": "admin.logentry", "pk": 23, "fields": {"action_time": "2023-06-23T01:03:10.256Z", "user": 1, "content_type": 3, "object_id": "9", "object_repr": "ANNニュース", "action_flag": 1, "change_message": "[{\"added\": {}}]"}}, {"model": "admin.logentry", "pk": 24, "fields": {"action_time": "2023-06-23T01:03:42.031Z", "user": 1, "content_type": 3, "object_id": "10", "object_repr": "西村京太郎サスペンス　鉄道捜査官14", "action_flag": 1, "change_message": "[{\"added\": {}}]"}}, {"model": "admin.logentry", "pk": 25, "fields": {"action_time": "2023-06-23T01:04:07.808Z", "user": 1, "content_type": 3, "object_id": "11", "object_repr": "相棒17　#19", "action_flag": 1, "change_message": "[{\"added\": {}}]"}}, {"model": "admin.logentry", "pk": 26, "fields": {"action_time": "2023-06-23T01:04:47.043Z", "user": 1, "content_type": 3, "object_id": "12", "object_repr": "スーパーJチャンネル", "action_flag": 1, "change_message": "[{\"added\": {}}]"}}, {"model": "admin.logentry", "pk": 27, "fields": {"action_time": "2023-06-23T01:05:24.572Z", "user": 1, "content_type": 3, "object_id": "13", "object_repr": "家事ヤロウ!!!", "action_flag": 1, "change_message": "[{\"added\": {}}]"}}, {"model": "admin.logentry", "pk": 28, "fields": {"action_time": "2023-06-23T01:05:51.193Z", "user": 1, "content_type": 3, "object_id": "14", "object_repr": "有吉クイズ SP【芸能人ひとりキャンプGPに出川!&有吉イチからうな重作り】", "action_flag": 1, "change_message": "[{\"added\": {}}]"}}, {"model": "admin.logentry", "pk": 29, "fields": {"action_time": "2023-06-23T01:06:21.035Z", "user": 1, "content_type": 3, "object_id": "15", "object_repr": "私の幸福時間", "action_flag": 1, "change_message": "[{\"added\": {}}]"}}, {"model": "admin.logentry", "pk": 30, "fields": {"action_time": "2023-06-23T01:06:46.737Z", "user": 1, "content_type": 3, "object_id": "16", "object_repr": "報道ステーション", "action_flag": 1, "change_message": "[{\"added\": {}}]"}}, {"model": "admin.logentry", "pk": 31, "fields": {"action_time": "2023-06-23T01:07:27.349Z", "user": 1, "content_type": 3, "object_id": "17", "object_repr": "世界の車窓から", "action_flag": 1, "change_message": "[{\"added\": {}}]"}}, {"model": "admin.logentry", "pk": 32, "fields": {"action_time": "2023-06-23T01:08:18.188Z", "user": 1, "content_type": 3, "object_id": "18", "object_repr": "ロンドンハーツ　うぬぼれ注意!オトコの自分番付", "action_flag": 1, "change_message": "[{\"added\": {}}]"}}, {"model": "admin.logentry", "pk": 33, "fields": {"action_time": "2023-06-23T01:08:47.087Z", "user": 1, "content_type": 3, "object_id": "19", "object_repr": "証言者バラエティ　アンタウォッチマン!", "action_flag": 1, "change_message": "[{\"added\": {}}]"}}, {"model": "admin.logentry", "pk": 34, "fields": {"action_time": "2023-06-23T01:09:11.010Z", "user": 1, "content_type": 3, "object_id": "20", "object_repr": "テレ朝番組みどころナビ", "action_flag": 1, "change_message": "[{\"added\": {}}]"}}, {"model": "admin.logentry", "pk": 35, "fields": {"action_time": "2023-06-23T01:09:48.158Z", "user": 1, "content_type": 3, "object_id": "21", "object_repr": "ネオバズ!!　マッドマックスTV", "action_flag": 1, "change_message": "[{\"added\": {}}]"}}, {"model": "admin.logentry", "pk": 36, "fields": {"action_time": "2023-06-23T01:10:17.110Z", "user": 1, "content_type": 3, "object_id": "22", "object_repr": "全力坂", "action_flag": 1, "change_message": "[{\"added\": {}}]"}}, {"model": "admin.logentry", "pk": 37, "fields": {"action_time": "2023-06-23T01:10:46.233Z", "user": 1, "content_type": 3, "object_id": "23", "object_repr": "フリースタイルティーチャー", "action_flag": 1, "change_message": "[{\"added\": {}}]"}}, {"model": "admin.logentry", "pk": 38, "fields": {"action_time": "2023-06-23T01:12:58.404Z", "user": 1, "content_type": 3, "object_id": "24", "object_repr": "140×875", "action_flag": 1, "change_message": "[{\"added\": {}}]"}}, {"model": "admin.logentry", "pk": 39, "fields": {"action_time": "2023-06-23T01:13:22.659Z", "user": 1, "content_type": 3, "object_id": "25", "object_repr": "イワクラと吉住の番組", "action_flag": 1, "change_message": "[{\"added\": {}}]"}}, {"model": "admin.logentry", "pk": 40, "fields": {"action_time": "2023-06-23T01:13:51.745Z", "user": 1, "content_type": 3, "object_id": "26", "object_repr": "ランジャタイのがんばれ地上波!", "action_flag": 1, "change_message": "[{\"added\": {}}]"}}, {"model": "admin.logentry", "pk": 41, "fields": {"action_time": "2023-06-23T01:14:15.188Z", "user": 1, "content_type": 3, "object_id": "27", "object_repr": "ジェシカ美術部", "action_flag": 1, "change_message": "[{\"added\": {}}]"}}, {"model": "admin.logentry", "pk": 42, "fields": {"action_time": "2023-06-23T01:14:40.889Z", "user": 1, "content_type": 3, "object_id": "28", "object_repr": "ワカコさんとマサルくんのお宅は買わないの??", "action_flag": 1, "change_message": "[{\"added\": {}}]"}}, {"model": "admin.logentry", "pk": 43, "fields": {"action_time": "2023-06-23T01:15:01.934Z", "user": 1, "content_type": 3, "object_id": "29", "object_repr": "ミッドナイトマルシェ", "action_flag": 1, "change_message": "[{\"added\": {}}]"}}, {"model": "admin.logentry", "pk": 44, "fields": {"action_time": "2023-06-23T01:49:15.222Z", "user": 1, "content_type": 3, "object_id": "30", "object_repr": "おはよう!時代劇　暴れん坊将軍9　#32", "action_flag": 1, "change_message": "[{\"added\": {}}]"}}, {"model": "admin.logentry", "pk": 45, "fields": {"action_time": "2023-06-23T01:49:49.965Z", "user": 1, "content_type": 3, "object_id": "31", "object_repr": "グッド!モーニング", "action_flag": 1, "change_message": "[{\"added\": {}}]"}}, {"model": "admin.logentry", "pk": 46, "fields": {"action_time": "2023-06-23T02:02:48.364Z", "user": 1, "content_type": 3, "object_id": "32", "object_repr": "羽鳥慎一モーニングショー", "action_flag": 1, "change_message": "[{\"added\": {}}]"}}, {"model": "admin.logentry", "pk": 47, "fields": {"action_time": "2023-06-23T02:03:23.737Z", "user": 1, "content_type": 3, "object_id": "33", "object_repr": "じゅん散歩", "action_flag": 1, "change_message": "[{\"added\": {}}]"}}, {"model": "admin.logentry", "pk": 48, "fields": {"action_time": "2023-06-23T02:03:53.532Z", "user": 1, "content_type": 3, "object_id": "34", "object_repr": "大下容子ワイド!スクランブル", "action_flag": 1, "change_message": "[{\"added\": {}}]"}}, {"model": "admin.logentry", "pk": 49, "fields": {"action_time": "2023-06-23T02:05:10.790Z", "user": 1, "content_type": 3, "object_id": "35", "object_repr": "徹子の部屋", "action_flag": 1, "change_message": "[{\"added\": {}}]"}}, {"model": "admin.logentry", "pk": 50, "fields": {"action_time": "2023-06-23T02:05:52.696Z", "user": 1, "content_type": 3, "object_id": "36", "object_repr": "DAIGOも台所　〜きょうの献立　何にする?〜　イチオシ!土鍋ごはん&おむすび", "action_flag": 1, "change_message": "[{\"added\": {}}]"}}, {"model": "admin.logentry", "pk": 51, "fields": {"action_time": "2023-06-23T02:06:20.237Z", "user": 1, "content_type": 3, "object_id": "37", "object_repr": "東京サイト　「多摩六都科学館」", "action_flag": 1, "change_message": "[{\"added\": {}}]"}}, {"model": "admin.logentry", "pk": 52, "fields": {"action_time": "2023-06-23T02:06:51.463Z", "user": 1, "content_type": 3, "object_id": "38", "object_repr": "ANNニュース", "action_flag": 1, "change_message": "[{\"added\": {}}]"}}, {"model": "admin.logentry", "pk": 53, "fields": {"action_time": "2023-06-23T02:07:17.142Z", "user": 1, "content_type": 3, "object_id": "39", "object_repr": "科捜研の女17　#15", "action_flag": 1, "change_message": "[{\"added\": {}}]"}}, {"model": "admin.logentry", "pk": 54, "fields": {"action_time": "2023-06-23T02:07:44.470Z", "user": 1, "content_type": 3, "object_id": "40", "object_repr": "刑事7人9　#3", "action_flag": 1, "change_message": "[{\"added\": {}}]"}}, {"model": "admin.logentry", "pk": 55, "fields": {"action_time": "2023-06-23T02:08:12.915Z", "user": 1, "content_type": 3, "object_id": "41", "object_repr": "相棒13　#18", "action_flag": 1, "change_message": "[{\"added\": {}}]"}}, {"model": "admin.logentry", "pk": 56, "fields": {"action_time": "2023-06-23T02:08:38.603Z", "user": 1, "content_type": 3, "object_id": "42", "object_repr": "スーパーJチャンネル", "action_flag": 1, "change_message": "[{\"added\": {}}]"}}, {"model": "admin.logentry", "pk": 57, "fields": {"action_time": "2023-06-23T02:09:03.732Z", "user": 1, "content_type": 3, "object_id": "43", "object_repr": "くりぃむクイズ　ミラクル9　2時間SP", "action_flag": 1, "change_message": "[{\"added\": {}}]"}}, {"model": "admin.logentry", "pk": 58, "fields": {"action_time": "2023-06-23T02:09:30.300Z", "user": 1, "content_type": 3, "object_id": "44", "object_repr": "私の幸福時間", "action_flag": 1, "change_message": "[{\"added\": {}}]"}}, {"model": "admin.logentry", "pk": 59, "fields": {"action_time": "2023-06-23T02:09:57.951Z", "user": 1, "content_type": 3, "object_id": "45", "object_repr": "刑事7人　#4", "action_flag": 1, "change_message": "[{\"added\": {}}]"}}, {"model": "admin.logentry", "pk": 60, "fields": {"action_time": "2023-06-23T02:10:25.159Z", "user": 1, "content_type": 3, "object_id": "46", "object_repr": "報道ステーション", "action_flag": 1, "change_message": "[{\"added\": {}}]"}}, {"model": "admin.logentry", "pk": 61, "fields": {"action_time": "2023-06-23T02:10:51.294Z", "user": 1, "content_type": 3, "object_id": "47", "object_repr": "博多華丸・大吉の世界水泳福岡ばい!", "action_flag": 1, "change_message": "[{\"added\": {}}]"}}, {"model": "admin.logentry", "pk": 62, "fields": {"action_time": "2023-06-23T02:11:19.435Z", "user": 1, "content_type": 3, "object_id": "48", "object_repr": "かまいガチ", "action_flag": 1, "change_message": "[{\"added\": {}}]"}}, {"model": "admin.logentry", "pk": 63, "fields": {"action_time": "2023-06-23T02:11:48.554Z", "user": 1, "content_type": 3, "object_id": "49", "object_repr": "くりぃむナンタラ　日向坂46を遠隔操作ドッキリ完結編!お笑い怪物と化したアイドル", "action_flag": 1, "change_message": "[{\"added\": {}}]"}}, {"model": "admin.logentry", "pk": 64, "fields": {"action_time": "2023-06-23T02:13:45.973Z", "user": 1, "content_type": 3, "object_id": "50", "object_repr": "テレ朝番組みどころナビ", "action_flag": 1, "change_message": "[{\"added\": {}}]"}}, {"model": "admin.logentry", "pk": 65, "fields": {"action_time": "2023-06-23T02:34:12.797Z", "user": 1, "content_type": 3, "object_id": "50", "object_repr": "テレ朝番組みどころナビ", "action_flag": 2, "change_message": "[{\"changed\": {\"fields\": [\"\\u653e\\u9001\\u6642\\u9593\"]}}]"}}, {"model": "admin.logentry", "pk": 66, "fields": {"action_time": "2023-06-23T02:41:45.026Z", "user": 1, "content_type": 3, "object_id": "50", "object_repr": "テレ朝番組みどころナビ", "action_flag": 2, "change_message": "[]"}}, {"model": "admin.logentry", "pk": 67, "fields": {"action_time": "2023-06-23T02:43:20.922Z", "user": 1, "content_type": 3, "object_id": "51", "object_repr": "ネオバズ!!　恋するアテンダー", "action_flag": 1, "change_message": "[{\"added\": {}}]"}}, {"model": "admin.logentry", "pk": 68, "fields": {"action_time": "2023-06-23T02:44:02.460Z", "user": 1, "content_type": 3, "object_id": "52", "object_repr": "全力坂", "action_flag": 1, "change_message": "[{\"added\": {}}]"}}, {"model": "admin.logentry", "pk": 69, "fields": {"action_time": "2023-06-23T02:44:45.036Z", "user": 1, "content_type": 3, "object_id": "53", "object_repr": "Break　Out", "action_flag": 1, "change_message": "[{\"added\": {}}]"}}, {"model": "admin.logentry", "pk": 70, "fields": {"action_time": "2023-06-23T02:45:07.275Z", "user": 1, "content_type": 3, "object_id": "54", "object_repr": "岩井&花澤　まんが未知", "action_flag": 1, "change_message": "[{\"added\": {}}]"}}, {"model": "admin.logentry", "pk": 71, "fields": {"action_time": "2023-06-23T02:45:30.762Z", "user": 1, "content_type": 3, "object_id": "55", "object_repr": "シソンヌ長谷川×○○のキマリ INI高塚&田島&松田参戦!これまでの人生を振り返る!", "action_flag": 1, "change_message": "[{\"added\": {}}]"}}, {"model": "admin.logentry", "pk": 72, "fields": {"action_time": "2023-06-23T02:46:06.015Z", "user": 1, "content_type": 3, "object_id": "56", "object_repr": "ミセススクールクエスト", "action_flag": 1, "change_message": "[{\"added\": {}}]"}}, {"model": "admin.logentry", "pk": 73, "fields": {"action_time": "2023-06-23T02:46:29.920Z", "user": 1, "content_type": 3, "object_id": "57", "object_repr": "杉谷拳士が取材中", "action_flag": 1, "change_message": "[{\"added\": {}}]"}}, {"model": "admin.logentry", "pk": 74, "fields": {"action_time": "2023-06-23T02:47:02.167Z", "user": 1, "content_type": 3, "object_id": "58", "object_repr": "ワカコさんとマサルくんのお宅は買わないの??", "action_flag": 1, "change_message": "[{\"added\": {}}]"}}, {"model": "admin.logentry", "pk": 75, "fields": {"action_time": "2023-06-23T02:47:27.812Z", "user": 1, "content_type": 3, "object_id": "59", "object_repr": "ミッドナイトマルシェ", "action_flag": 1, "change_message": "[{\"added\": {}}]"}}, {"model": "admin.logentry", "pk": 76, "fields": {"action_time": "2023-06-23T02:47:36.411Z", "user": 1, "content_type": 3, "object_id": "60", "object_repr": "ミッドナイトマルシェ", "action_flag": 1, "change_message": "[{\"added\": {}}]"}}, {"model": "admin.logentry", "pk": 77, "fields": {"action_time": "2023-06-23T02:47:42.890Z", "user": 1, "content_type": 3, "object_id": "60", "object_repr": "ミッドナイトマルシェ", "action_flag": 3, "change_message": ""}}, {"model": "admin.logentry", "pk": 78, "fields": {"action_time": "2023-06-23T02:50:31.056Z", "user": 1, "content_type": 3, "object_id": "49", "object_repr": "くりぃむナンタラ　日向坂46を遠隔操作ドッキリ完結編!お笑い怪物と化したアイドル", "action_flag": 2, "change_message": "[{\"changed\": {\"fields\": [\"\\u756a\\u7d44\\u5185\\u5bb9\"]}}]"}}, {"model": "admin.logentry", "pk": 79, "fields": {"action_time": "2023-06-23T02:52:46.779Z", "user": 1, "content_type": 3, "object_id": "20", "object_repr": "テレ朝番組みどころナビ", "action_flag": 2, "change_message": "[{\"changed\": {\"fields\": [\"\\u653e\\u9001\\u6642\\u9593\"]}}]"}}, {"model": "admin.logentry", "pk": 80, "fields": {"action_time": "2023-06-23T02:52:57.565Z", "user": 1, "content_type": 3, "object_id": "21", "object_repr": "ネオバズ!!　マッドマックスTV", "action_flag": 2, "change_message": "[{\"changed\": {\"fields\": [\"\\u653e\\u9001\\u6642\\u9593\"]}}]"}}, {"model": "admin.logentry", "pk": 81, "fields": {"action_time": "2023-06-23T02:53:08.670Z", "user": 1, "content_type": 3, "object_id": "22", "object_repr": "全力坂", "action_flag": 2, "change_message": "[{\"changed\": {\"fields\": [\"\\u653e\\u9001\\u6642\\u9593\"]}}]"}}, {"model": "admin.logentry", "pk": 82, "fields": {"action_time": "2023-06-23T02:53:17.103Z", "user": 1, "content_type": 3, "object_id": "23", "object_repr": "フリースタイルティーチャー", "action_flag": 2, "change_message": "[{\"changed\": {\"fields\": [\"\\u653e\\u9001\\u6642\\u9593\"]}}]"}}, {"model": "admin.logentry", "pk": 83, "fields": {"action_time": "2023-06-23T02:53:41.195Z", "user": 1, "content_type": 3, "object_id": "24", "object_repr": "140×875", "action_flag": 2, "change_message": "[{\"changed\": {\"fields\": [\"\\u653e\\u9001\\u6642\\u9593\"]}}]"}}, {"model": "admin.logentry", "pk": 84, "fields": {"action_time": "2023-06-23T02:54:02.098Z", "user": 1, "content_type": 3, "object_id": "25", "object_repr": "イワクラと吉住の番組", "action_flag": 2, "change_message": "[{\"changed\": {\"fields\": [\"\\u653e\\u9001\\u6642\\u9593\"]}}]"}}, {"model": "admin.logentry", "pk": 85, "fields": {"action_time": "2023-06-23T02:54:10.446Z", "user": 1, "content_type": 3, "object_id": "26", "object_repr": "ランジャタイのがんばれ地上波!", "action_flag": 2, "change_message": "[{\"changed\": {\"fields\": [\"\\u653e\\u9001\\u6642\\u9593\"]}}]"}}, {"model": "admin.logentry", "pk": 86, "fields": {"action_time": "2023-06-23T02:54:16.986Z", "user": 1, "content_type": 3, "object_id": "27", "object_repr": "ジェシカ美術部", "action_flag": 2, "change_message": "[{\"changed\": {\"fields\": [\"\\u653e\\u9001\\u6642\\u9593\"]}}]"}}, {"model": "admin.logentry", "pk": 87, "fields": {"action_time": "2023-06-23T02:54:26.186Z", "user": 1, "content_type": 3, "object_id": "28", "object_repr": "ワカコさんとマサルくんのお宅は買わないの??", "action_flag": 2, "change_message": "[{\"changed\": {\"fields\": [\"\\u653e\\u9001\\u6642\\u9593\"]}}]"}}, {"model": "admin.logentry", "pk": 88, "fields": {"action_time": "2023-06-23T02:54:42.226Z", "user": 1, "content_type": 3, "object_id": "29", "object_repr": "ミッドナイトマルシェ", "action_flag": 2, "change_message": "[{\"changed\": {\"fields\": [\"\\u653e\\u9001\\u6642\\u9593\"]}}]"}}, {"model": "auth.permission", "pk": 1, "fields": {"name": "Can add category", "content_type": 1, "codename": "add_category"}}, {"model": "auth.permission", "pk": 2, "fields": {"name": "Can change category", "content_type": 1, "codename": "change_category"}}, {"model": "auth.permission", "pk": 3, "fields": {"name": "Can delete category", "content_type": 1, "codename": "delete_category"}}, {"model": "auth.permission", "pk": 4, "fields": {"name": "Can view category", "content_type": 1, "codename": "view_category"}}, {"model": "auth.permission", "pk": 5, "fields": {"name": "Can add date", "content_type": 2, "codename": "add_date"}}, {"model": "auth.permission", "pk": 6, "fields": {"name": "Can change date", "content_type": 2, "codename": "change_date"}}, {"model": "auth.permission", "pk": 7, "fields": {"name": "Can delete date", "content_type": 2, "codename": "delete_date"}}, {"model": "auth.permission", "pk": 8, "fields": {"name": "Can view date", "content_type": 2, "codename": "view_date"}}, {"model": "auth.permission", "pk": 9, "fields": {"name": "Can add tv", "content_type": 3, "codename": "add_tv"}}, {"model": "auth.permission", "pk": 10, "fields": {"name": "Can change tv", "content_type": 3, "codename": "change_tv"}}, {"model": "auth.permission", "pk": 11, "fields": {"name": "Can delete tv", "content_type": 3, "codename": "delete_tv"}}, {"model": "auth.permission", "pk": 12, "fields": {"name": "Can view tv", "content_type": 3, "codename": "view_tv"}}, {"model": "auth.permission", "pk": 13, "fields": {"name": "Can add comment", "content_type": 4, "codename": "add_comment"}}, {"model": "auth.permission", "pk": 14, "fields": {"name": "Can change comment", "content_type": 4, "codename": "change_comment"}}, {"model": "auth.permission", "pk": 15, "fields": {"name": "Can delete comment", "content_type": 4, "codename": "delete_comment"}}, {"model": "auth.permission", "pk": 16, "fields": {"name": "Can view comment", "content_type": 4, "codename": "view_comment"}}, {"model": "auth.permission", "pk": 17, "fields": {"name": "Can add user", "content_type": 5, "codename": "add_customuser"}}, {"model": "auth.permission", "pk": 18, "fields": {"name": "Can change user", "content_type": 5, "codename": "change_customuser"}}, {"model": "auth.permission", "pk": 19, "fields": {"name": "Can delete user", "content_type": 5, "codename": "delete_customuser"}}, {"model": "auth.permission", "pk": 20, "fields": {"name": "Can view user", "content_type": 5, "codename": "view_customuser"}}, {"model": "auth.permission", "pk": 21, "fields": {"name": "Can add log entry", "content_type": 6, "codename": "add_logentry"}}, {"model": "auth.permission", "pk": 22, "fields": {"name": "Can change log entry", "content_type": 6, "codename": "change_logentry"}}, {"model": "auth.permission", "pk": 23, "fields": {"name": "Can delete log entry", "content_type": 6, "codename": "delete_logentry"}}, {"model": "auth.permission", "pk": 24, "fields": {"name": "Can view log entry", "content_type": 6, "codename": "view_logentry"}}, {"model": "auth.permission", "pk": 25, "fields": {"name": "Can add permission", "content_type": 7, "codename": "add_permission"}}, {"model": "auth.permission", "pk": 26, "fields": {"name": "Can change permission", "content_type": 7, "codename": "change_permission"}}, {"model": "auth.permission", "pk": 27, "fields": {"name": "Can delete permission", "content_type": 7, "codename": "delete_permission"}}, {"model": "auth.permission", "pk": 28, "fields": {"name": "Can view permission", "content_type": 7, "codename": "view_permission"}}, {"model": "auth.permission", "pk": 29, "fields": {"name": "Can add group", "content_type": 8, "codename": "add_group"}}, {"model": "auth.permission", "pk": 30, "fields": {"name": "Can change group", "content_type": 8, "codename": "change_group"}}, {"model": "auth.permission", "pk": 31, "fields": {"name": "Can delete group", "content_type": 8, "codename": "delete_group"}}, {"model": "auth.permission", "pk": 32, "fields": {"name": "Can view group", "content_type": 8, "codename": "view_group"}}, {"model": "auth.permission", "pk": 33, "fields": {"name": "Can add content type", "content_type": 9, "codename": "add_contenttype"}}, {"model": "auth.permission", "pk": 34, "fields": {"name": "Can change content type", "content_type": 9, "codename": "change_contenttype"}}, {"model": "auth.permission", "pk": 35, "fields": {"name": "Can delete content type", "content_type": 9, "codename": "delete_contenttype"}}, {"model": "auth.permission", "pk": 36, "fields": {"name": "Can view content type", "content_type": 9, "codename": "view_contenttype"}}, {"model": "auth.permission", "pk": 37, "fields": {"name": "Can add session", "content_type": 10, "codename": "add_session"}}, {"model": "auth.permission", "pk": 38, "fields": {"name": "Can change session", "content_type": 10, "codename": "change_session"}}, {"model": "auth.permission", "pk": 39, "fields": {"name": "Can delete session", "content_type": 10, "codename": "delete_session"}}, {"model": "auth.permission", "pk": 40, "fields": {"name": "Can view session", "content_type": 10, "codename": "view_session"}}, {"model": "contenttypes.contenttype", "pk": 1, "fields": {"app_label": "tvasahi", "model": "category"}}, {"model": "contenttypes.contenttype", "pk": 2, "fields": {"app_label": "tvasahi", "model": "date"}}, {"model": "contenttypes.contenttype", "pk": 3, "fields": {"app_label": "tvasahi", "model": "tv"}}, {"model": "contenttypes.contenttype", "pk": 4, "fields": {"app_label": "tvasahi", "model": "comment"}}, {"model": "contenttypes.contenttype", "pk": 5, "fields": {"app_label": "tvasahi", "model": "customuser"}}, {"model": "contenttypes.contenttype", "pk": 6, "fields": {"app_label": "admin", "model": "logentry"}}, {"model": "contenttypes.contenttype", "pk": 7, "fields": {"app_label": "auth", "model": "permission"}}, {"model": "contenttypes.contenttype", "pk": 8, "fields": {"app_label": "auth", "model": "group"}}, {"model": "contenttypes.contenttype", "pk": 9, "fields": {"app_label": "contenttypes", "model": "contenttype"}}, {"model": "contenttypes.contenttype", "pk": 10, "fields": {"app_label": "sessions", "model": "session"}}, {"model": "sessions.session", "pk": "d1lfn3uc0k6xut1kqm1w7v5j6lm2subv", "fields": {"session_data": ".eJxVjEEOwiAQRe_C2hCmhRlw6d4zkKGAVA0kpV0Z765NutDtf-_9l_C8rcVvPS1-juIsQJx-t8DTI9UdxDvXW5NTq-syB7kr8qBdXltMz8vh_h0U7uVbo2OEoIi1BTMaJpWUZY1u1CEbl8lY6zLgkCMYID0pTQwJB4dAwEq8P7HeNlo:1qCCvR:9TId8M5NMbB3Dnm9x-a6_9OZkuiwKnLAUmjw_1lpf3c", "expire_date": "2023-07-06T05:32:09.535Z"}}, {"model": "sessions.session", "pk": "d2v92g8bn2ob4hgezkoj6lrkkge7o62c", "fields": {"session_data": ".eJxVjEEOwiAQRe_C2hCmhRlw6d4zkKGAVA0kpV0Z765NutDtf-_9l_C8rcVvPS1-juIsQJx-t8DTI9UdxDvXW5NTq-syB7kr8qBdXltMz8vh_h0U7uVbo2OEoIi1BTMaJpWUZY1u1CEbl8lY6zLgkCMYID0pTQwJB4dAwEq8P7HeNlo:1qCC0C:bPGwIPWjNL2UH5pUpeZ7j-qFNjgwZNsQA1AcPLOouY4", "expire_date": "2023-07-06T04:33:00.527Z"}}, {"model": "sessions.session", "pk": "fj9nh8p5yrsy2ulqufem2qcv0gz49yat", "fields": {"session_data": ".eJxVjEEOwiAQRe_C2hCmhRlw6d4zkKGAVA0kpV0Z765NutDtf-_9l_C8rcVvPS1-juIsQJx-t8DTI9UdxDvXW5NTq-syB7kr8qBdXltMz8vh_h0U7uVbo2OEoIi1BTMaJpWUZY1u1CEbl8lY6zLgkCMYID0pTQwJB4dAwEq8P7HeNlo:1qCEIa:bRR24kq3wMGmzCeChh9MuNMqnJCaDMwTjMnSR0K8aVM", "expire_date": "2023-07-06T07:00:08.534Z"}}]