[{"model": "tvasahi.date", "pk": 1, "fields": {"on_air_date": "6/27"}}, {"model": "tvasahi.date", "pk": 2, "fields": {"on_air_date": "6/28"}}, {"model": "tvasahi.date", "pk": 3, "fields": {"on_air_date": "6/29"}}, {"model": "tvasahi.date", "pk": 4, "fields": {"on_air_date": "6/30"}}, {"model": "tvasahi.date", "pk": 5, "fields": {"on_air_date": "7/1"}}, {"model": "tvasahi.date", "pk": 6, "fields": {"on_air_date": "7/2"}}, {"model": "tvasahi.date", "pk": 7, "fields": {"on_air_date": "7/3"}}, {"model": "tvasahi.category", "pk": 1, "fields": {"category_name": "ドラマ・映画"}}, {"model": "tvasahi.category", "pk": 2, "fields": {"category_name": "バラエティ"}}, {"model": "tvasahi.category", "pk": 3, "fields": {"category_name": "音楽"}}, {"model": "tvasahi.category", "pk": 4, "fields": {"category_name": "アニメ・ヒーロー"}}, {"model": "tvasahi.category", "pk": 5, "fields": {"category_name": "報道・情報・ドキュメンタリー"}}, {"model": "tvasahi.category", "pk": 6, "fields": {"category_name": "スポーツ"}}, {"model": "tvasahi.category", "pk": 7, "fields": {"category_name": "料理・旅・暮らし"}}, {"model": "tvasahi.tv", "pk": 1, "fields": {"program_name": "おはよう!時代劇　暴れん坊将軍9　#31", "time": "04:00:00", "content": "▽侍が辻斬り4人組に殺されるのを目撃した辰五郎は、辻斬りのあとを追うも逃げられてしまう。さらに現場に戻ると…", "url": null, "category": 1, "date": 1, "created_at": "2023-06-22T08:06:48Z"}}, {"model": "tvasahi.tv", "pk": 2, "fields": {"program_name": "グッド!モーニング", "time": "04:55:00", "content": "けさ知っておきたいニュースを独自目線でわかりやすく伝えます。林先生の「ことば検定」、依田さんの「お天気検定」、「ニュース検定」、「エンタメ検定」にも挑戦しよう!", "url": "https://www.tv-asahi.co.jp/goodmorning/", "category": 5, "date": 1, "created_at": "2023-06-22T08:15:17Z"}}, {"model": "tvasahi.tv", "pk": 3, "fields": {"program_name": "羽鳥慎一モーニングショー", "time": "08:00:00", "content": "羽鳥慎一が毎日の様々なニュースを、分かりやすくお伝えします。暮らしをよりよくする情報はもちろん、難しいことは何が問題なのか、パネルを駆使して読み解きます。", "url": "https://www.tv-asahi.co.jp/m-show/", "category": 5, "date": 1, "created_at": "2023-06-23T00:58:12Z"}}, {"model": "tvasahi.tv", "pk": 4, "fields": {"program_name": "じゅん散歩", "time": "09:55:00", "content": "三代目散歩人・高田純次が「中野」を散策▽WBC侍ジャパンが食べた話題のラーメン▽ダルビッシュも納得 濃厚スープ▽最新ビデオカメラ&amp;鉄道史を感じる時刻表ミュージアムも", "url": "https://www.tv-asahi.co.jp/junsanpo/", "category": 7, "date": 1, "created_at": "2023-06-23T00:59:25Z"}}, {"model": "tvasahi.tv", "pk": 5, "fields": {"program_name": "大下容子ワイド!スクランブル", "time": "10:25:00", "content": "スタジオの気鋭の識者たちが、視聴者に知っておいてもらいたい情報、抱いている疑問を深掘り解説!", "url": "https://www.tv-asahi.co.jp/scramble/", "category": 5, "date": 1, "created_at": "2023-06-23T01:00:08Z"}}, {"model": "tvasahi.tv", "pk": 6, "fields": {"program_name": "徹子の部屋", "time": "13:00:00", "content": "司会の黒柳徹子さんが、各界の著名人はもちろん、時の人、話題の人をゲストに迎え、絶妙の話術を駆使してゲストの魅力に迫る、昭和51年放送開始の長寿トーク番組です。", "url": "https://www.tv-asahi.co.jp/tetsuko/", "category": 2, "date": 1, "created_at": "2023-06-23T01:00:53Z"}}, {"model": "tvasahi.tv", "pk": 7, "fields": {"program_name": "DAIGOも台所　〜きょうの献立　何にする?〜　一皿でバランスOK!おかずサラダ", "time": "13:30:00", "content": "冷蔵庫の食材管理もしながら、家族の好みや栄養バランス、肉・魚・野菜のローテーションも考えて献立を決めるのは本当に大変…日々の料理の悩みにこたえる献立を複数提案!", "url": null, "category": 7, "date": 1, "created_at": "2023-06-23T01:01:23Z"}}, {"model": "tvasahi.tv", "pk": 8, "fields": {"program_name": "東京サイト　「印刷博物館」", "time": "13:45:00", "content": "「東京・ミュージアム ぐるっとパス2023」は、幅広いジャンルの美術館や博物館など101の施設で、入場券や割引券として使えるチケット。今回は「印刷博物館」をご紹介。", "url": "https://www.tv-asahi.co.jp/t-site/", "category": 7, "date": 1, "created_at": "2023-06-23T01:02:08Z"}}, {"model": "tvasahi.tv", "pk": 9, "fields": {"program_name": "ANNニュース", "time": "13:49:00", "content": "正確なニュース・情報をいち早くお伝えするANNニュース!テレビ朝日系列の放送局26局が総力をあげ、緻密な取材にもとづいたニュースを最新機材を駆使して放送します。", "url": "https://news.tv-asahi.co.jp/", "category": 5, "date": 1, "created_at": "2023-06-23T01:02:37Z"}}, {"model": "tvasahi.tv", "pk": 10, "fields": {"program_name": "西村京太郎サスペンス　鉄道捜査官14", "time": "13:54:00", "content": "「伊豆急リゾート21号パノラマ展望車で殺された女!箱根ゴールデンルート 空と湖の逆転アリバイトリック」沢口靖子", "url": null, "category": 1, "date": 1, "created_at": "2023-06-23T01:03:12Z"}}, {"model": "tvasahi.tv", "pk": 11, "fields": {"program_name": "相棒17　#19", "time": "15:48:00", "content": "「漂流少年〜月本幸子の決断」水谷豊、反町隆史 ▽“花の里\"女将・月本幸子が出会った青年は、振り込め詐欺グループとの関与が疑われていた。彼の無実を信じる幸子は…", "url": null, "category": 1, "date": 1, "created_at": "2023-06-23T01:03:42Z"}}, {"model": "tvasahi.tv", "pk": 12, "fields": {"program_name": "スーパーJチャンネル", "time": "16:45:00", "content": "視聴者が知りたいニュース・情報をズバリお伝えします!テレビ朝日の系列局26局(ANN)が総力取材!いち早く正確な情報を届けます。", "url": "https://www.tv-asahi.co.jp/super-j/", "category": 5, "date": 1, "created_at": "2023-06-23T01:04:07Z"}}, {"model": "tvasahi.tv", "pk": 13, "fields": {"program_name": "家事ヤロウ!!!", "time": "19:00:00", "content": "バカリズム・中丸雄一・カズレーザーの家事初心者3人が家事をゼロから学ぶドキュメントバラエティー!家事の基礎を狭く・ユルく・深く学んでいく!", "url": "https://www.tv-asahi.co.jp/kajiyarou/", "category": 2, "date": 1, "created_at": "2023-06-23T01:04:47Z"}}, {"model": "tvasahi.tv", "pk": 14, "fields": {"program_name": "有吉クイズ SP【芸能人ひとりキャンプGPに出川!&有吉イチからうな重作り】", "time": "20:00:00", "content": "有吉弘行も解答者&謎の私生活密着で禁断クイズも!解答者がプライベートを切り売りしたり、体を張ってクイズを出題!", "url": null, "category": 2, "date": 1, "created_at": "2023-06-23T01:05:24Z"}}, {"model": "tvasahi.tv", "pk": 15, "fields": {"program_name": "私の幸福時間", "time": "21:48:00", "content": "あなたの「しあわせ」は、どこから?なにから?友人や家族と過ごす時間、歴史や文化に触れ合う時間、趣味に没頭する時間…誰もがもっている“大切なひととき\"をご紹介。", "url": "https://www.tv-asahi.co.jp/shiawasejikan/", "category": 7, "date": 1, "created_at": "2023-06-23T01:05:51Z"}}, {"model": "tvasahi.tv", "pk": 16, "fields": {"program_name": "報道ステーション", "time": "21:54:00", "content": "「深く、力強く、きょう色々。」大越健介キャスターが、きょう知りたいニュースを“深い洞察\"と“平たい言葉\"でお送りします。", "url": null, "category": 1, "date": 1, "created_at": "2023-06-23T01:06:21Z"}}, {"model": "tvasahi.tv", "pk": 17, "fields": {"program_name": "世界の車窓から", "time": "23:10:00", "content": "ベトナム南北縦断1800キロの旅#10834『フエの王宮と学生たち』曲名♪「Ngay Phep Cua Linh」by.Phuong Tam", "url": "https://www.tv-asahi.co.jp/londonhearts/", "category": 7, "date": 1, "created_at": "2023-06-23T01:06:46Z"}}, {"model": "tvasahi.tv", "pk": 18, "fields": {"program_name": "ロンドンハーツ　うぬぼれ注意!オトコの自分番付", "time": "23:15:00", "content": "\"スタジオの売れっ子芸人7名を、元テレビ東京・森香澄アナが付き合いたい順にランク付け!!\r\nそのランキングを、芸人たち自身がガチ予想する禁断企画!!\"", "url": "https://www.tv-asahi.co.jp/londonhearts/", "category": 2, "date": 1, "created_at": "2023-06-23T01:07:27Z"}}, {"model": "tvasahi.tv", "pk": 19, "fields": {"program_name": "証言者バラエティ　アンタウォッチマン!", "time": "23:45:00", "content": "“今、見たい実力派芸人\"を取り上げ、彼らの時代を目撃した証人(=ウォッチマン)たちの証言から、“面白さの秘密\"を分析していく“証言者バラエティ\"!", "url": "https://www.tv-asahi.co.jp/antawatchman/", "category": 2, "date": 1, "created_at": "2023-06-23T01:08:18Z"}}, {"model": "tvasahi.tv", "pk": 20, "fields": {"program_name": "テレ朝番組みどころナビ", "time": "00:15:00", "content": "テレビ朝日のおすすめ番組をご紹介!", "url": null, "category": 2, "date": 1, "created_at": "2023-06-23T01:08:47Z"}}, {"model": "tvasahi.tv", "pk": 21, "fields": {"program_name": "ネオバズ!!　マッドマックスTV", "time": "00:20:00", "content": "予測不能…MCニューヨーク&さらば森田のアブナイ番組!", "url": "https://www.tv-asahi.co.jp/neobuzz/", "category": 2, "date": 1, "created_at": "2023-06-23T01:09:13Z"}}, {"model": "tvasahi.tv", "pk": 22, "fields": {"program_name": "全力坂", "time": "01:20:00", "content": "この坂を登り切れたら、自分の中の何かが変わる気がする。いや変わるはずだ。坂を全力で駆け上がる女性たちの姿と、話題の商品・エンタメ情報をお届けする深夜番組登場。", "url": "https://www.tv-asahi.co.jp/saka/", "category": 6, "date": 1, "created_at": "2023-06-23T01:09:48Z"}}, {"model": "tvasahi.tv", "pk": 23, "fields": {"program_name": "フリースタイルティーチャー", "time": "01:26:00", "content": "第3回「芸人ラッパーニューカマートーナメント」ニューカマー芸人ラッパーが激突!", "url": "https://www.tv-asahi.co.jp/freestyle_teacher/#/", "category": 2, "date": 1, "created_at": "2023-06-23T01:10:17Z"}}, {"model": "tvasahi.tv", "pk": 24, "fields": {"program_name": "140×875", "time": "01:56:00", "content": "Twitterの文字数制限140字の中で、表現の限界と可能性にハナコが挑戦する超実験的番組。コント・ドラマ・ロケ…あらゆる140字企画にチャレンジ!", "url": null, "category": 2, "date": 1, "created_at": "2023-06-23T01:10:46Z"}}, {"model": "tvasahi.tv", "pk": 25, "fields": {"program_name": "イワクラと吉住の番組", "time": "02:13:00", "content": "蛙亭・イワクラ×吉住が、街の人々が抱える“小さな悩みや秘密\"を聞いて本音で語り合うトークバラエティー。", "url": null, "category": 2, "date": 1, "created_at": "2023-06-23T01:12:58Z"}}, {"model": "tvasahi.tv", "pk": 26, "fields": {"program_name": "ランジャタイのがんばれ地上波!", "time": "02:30:00", "content": "ランジャタイのキー局初冠番組!テレビの定番企画を2人ならどう逸脱するのか…?　ランジャタイといっしょに「自由で新しい地上波テレビの表現」を模索する!", "url": null, "category": 2, "date": 1, "created_at": "2023-06-23T01:13:22Z"}}, {"model": "tvasahi.tv", "pk": 27, "fields": {"program_name": "ジェシカ美術部", "time": "02:47:00", "content": "真空ジェシカ初の冠番組!!真空ジェシカ+アート=違和感カオスバラエティー!?新進気鋭のアーティストとの作品制作やアートにまつわるコント披露など、内容盛りだくさん!!", "url": null, "category": 2, "date": 1, "created_at": "2023-06-23T01:13:51Z"}}, {"model": "tvasahi.tv", "pk": 28, "fields": {"program_name": "ワカコさんとマサルくんのお宅は買わないの??", "time": "03:04:00", "content": "ワカコさんとマサルくんにアナウンサーを目指す学生達が今話題の商品を紹介!その魅力と衝撃の価格にスタジオは驚きの連続!それでもお宅は買わないの??", "url": null, "category": 2, "date": 1, "created_at": "2023-06-23T01:14:15Z"}}, {"model": "tvasahi.tv", "pk": 29, "fields": {"program_name": "ミッドナイトマルシェ", "time": "03:30:00", "content": "ダイエット・美容・ヘアケア・健康・ライフ・キッチン・雑貨・宝飾・電化製品‥日本・米国を始め世界中の逸品を自宅でくつろぎながらショッピング!", "url": null, "category": 7, "date": 1, "created_at": "2023-06-23T01:14:40Z"}}, {"model": "tvasahi.customuser", "pk": 1, "fields": {"password": "pbkdf2_sha256$600000$wmyuFyaiG9filjNIH6oi8X$Jkbo+g8rluYhZ9UZQgvyq9XTFKqLrtGVUEKIX193whM=", "last_login": "2023-06-22T04:33:00.525Z", "is_superuser": true, "username": "admin", "first_name": "", "last_name": "", "email": "a@a.com", "is_staff": true, "is_active": true, "date_joined": "2023-06-22T04:32:35.750Z", "groups": [], "user_permissions": []}}, {"model": "admin.logentry", "pk": 1, "fields": {"action_time": "2023-06-22T05:38:00.762Z", "user": 1, "content_type": 1, "object_id": "1", "object_repr": "ドラマ・映画", "action_flag": 1, "change_message": "[{\"added\": {}}]"}}, {"model": "admin.logentry", "pk": 2, "fields": {"action_time": "2023-06-22T05:44:39.425Z", "user": 1, "content_type": 1, "object_id": "2", "object_repr": "バラエティ", "action_flag": 1, "change_message": "[{\"added\": {}}]"}}, {"model": "admin.logentry", "pk": 3, "fields": {"action_time": "2023-06-22T06:42:33.734Z", "user": 1, "content_type": 2, "object_id": "1", "object_repr": "6/27", "action_flag": 1, "change_message": "[{\"added\": {}}]"}}, {"model": "admin.logentry", "pk": 4, "fields": {"action_time": "2023-06-22T06:57:15.404Z", "user": 1, "content_type": 2, "object_id": "2", "object_repr": "6/28", "action_flag": 1, "change_message": "[{\"added\": {}}]"}}, {"model": "admin.logentry", "pk": 5, "fields": {"action_time": "2023-06-22T06:57:20.277Z", "user": 1, "content_type": 2, "object_id": "3", "object_repr": "6/29", "action_flag": 1, "change_message": "[{\"added\": {}}]"}}, {"model": "admin.logentry", "pk": 6, "fields": {"action_time": "2023-06-22T06:57:24.330Z", "user": 1, "content_type": 2, "object_id": "4", "object_repr": "6/30", "action_flag": 1, "change_message": "[{\"added\": {}}]"}}, {"model": "admin.logentry", "pk": 7, "fields": {"action_time": "2023-06-22T06:57:27.308Z", "user": 1, "content_type": 2, "object_id": "5", "object_repr": "7/1", "action_flag": 1, "change_message": "[{\"added\": {}}]"}}, {"model": "admin.logentry", "pk": 8, "fields": {"action_time": "2023-06-22T06:57:31.636Z", "user": 1, "content_type": 2, "object_id": "6", "object_repr": "7/2", "action_flag": 1, "change_message": "[{\"added\": {}}]"}}, {"model": "admin.logentry", "pk": 9, "fields": {"action_time": "2023-06-22T06:57:35.575Z", "user": 1, "content_type": 2, "object_id": "7", "object_repr": "7/3", "action_flag": 1, "change_message": "[{\"added\": {}}]"}}, {"model": "admin.logentry", "pk": 10, "fields": {"action_time": "2023-06-22T07:27:08.170Z", "user": 1, "content_type": 1, "object_id": "3", "object_repr": "音楽", "action_flag": 1, "change_message": "[{\"added\": {}}]"}}, {"model": "admin.logentry", "pk": 11, "fields": {"action_time": "2023-06-22T07:27:22.100Z", "user": 1, "content_type": 1, "object_id": "4", "object_repr": "アニメ・ヒーロー", "action_flag": 1, "change_message": "[{\"added\": {}}]"}}, {"model": "admin.logentry", "pk": 12, "fields": {"action_time": "2023-06-22T07:27:46.044Z", "user": 1, "content_type": 1, "object_id": "5", "object_repr": "報道・情報・ドキュメンタリー", "action_flag": 1, "change_message": "[{\"added\": {}}]"}}, {"model": "admin.logentry", "pk": 13, "fields": {"action_time": "2023-06-22T07:27:56.066Z", "user": 1, "content_type": 1, "object_id": "6", "object_repr": "スポーツ", "action_flag": 1, "change_message": "[{\"added\": {}}]"}}, {"model": "admin.logentry", "pk": 14, "fields": {"action_time": "2023-06-22T07:28:04.245Z", "user": 1, "content_type": 1, "object_id": "7", "object_repr": "料理・旅・暮らし", "action_flag": 1, "change_message": "[{\"added\": {}}]"}}, {"model": "admin.logentry", "pk": 15, "fields": {"action_time": "2023-06-22T08:14:46.039Z", "user": 1, "content_type": 3, "object_id": "1", "object_repr": "Tv object (1)", "action_flag": 1, "change_message": "[{\"added\": {}}]"}}, {"model": "admin.logentry", "pk": 16, "fields": {"action_time": "2023-06-22T08:17:18.670Z", "user": 1, "content_type": 3, "object_id": "2", "object_repr": "Tv object (2)", "action_flag": 1, "change_message": "[{\"added\": {}}]"}}, {"model": "admin.logentry", "pk": 17, "fields": {"action_time": "2023-06-23T00:59:16.987Z", "user": 1, "content_type": 3, "object_id": "3", "object_repr": "羽鳥慎一モーニングショー", "action_flag": 1, "change_message": "[{\"added\": {}}]"}}, {"model": "admin.logentry", "pk": 18, "fields": {"action_time": "2023-06-23T01:00:08.448Z", "user": 1, "content_type": 3, "object_id": "4", "object_repr": "じゅん散歩", "action_flag": 1, "change_message": "[{\"added\": {}}]"}}, {"model": "admin.logentry", "pk": 19, "fields": {"action_time": "2023-06-23T01:00:49.981Z", "user": 1, "content_type": 3, "object_id": "5", "object_repr": "大下容子ワイド!スクランブル", "action_flag": 1, "change_message": "[{\"added\": {}}]"}}, {"model": "admin.logentry", "pk": 20, "fields": {"action_time": "2023-06-23T01:01:23.256Z", "user": 1, "content_type": 3, "object_id": "6", "object_repr": "徹子の部屋", "action_flag": 1, "change_message": "[{\"added\": {}}]"}}, {"model": "admin.logentry", "pk": 21, "fields": {"action_time": "2023-06-23T01:02:08.396Z", "user": 1, "content_type": 3, "object_id": "7", "object_repr": "DAIGOも台所　〜きょうの献立　何にする?〜　一皿でバランスOK!おかずサラダ", "action_flag": 1, "change_message": "[{\"added\": {}}]"}}, {"model": "admin.logentry", "pk": 22, "fields": {"action_time": "2023-06-23T01:02:37.282Z", "user": 1, "content_type": 3, "object_id": "8", "object_repr": "東京サイト　「印刷博物館」", "action_flag": 1, "change_message": "[{\"added\": {}}]"}}, {"model": "admin.logentry", "pk": 23, "fields": {"action_time": "2023-06-23T01:03:10.256Z", "user": 1, "content_type": 3, "object_id": "9", "object_repr": "ANNニュース", "action_flag": 1, "change_message": "[{\"added\": {}}]"}}, {"model": "admin.logentry", "pk": 24, "fields": {"action_time": "2023-06-23T01:03:42.031Z", "user": 1, "content_type": 3, "object_id": "10", "object_repr": "西村京太郎サスペンス　鉄道捜査官14", "action_flag": 1, "change_message": "[{\"added\": {}}]"}}, {"model": "admin.logentry", "pk": 25, "fields": {"action_time": "2023-06-23T01:04:07.808Z", "user": 1, "content_type": 3, "object_id": "11", "object_repr": "相棒17　#19", "action_flag": 1, "change_message": "[{\"added\": {}}]"}}, {"model": "admin.logentry", "pk": 26, "fields": {"action_time": "2023-06-23T01:04:47.043Z", "user": 1, "content_type": 3, "object_id": "12", "object_repr": "スーパーJチャンネル", "action_flag": 1, "change_message": "[{\"added\": {}}]"}}, {"model": "admin.logentry", "pk": 27, "fields": {"action_time": "2023-06-23T01:05:24.572Z", "user": 1, "content_type": 3, "object_id": "13", "object_repr": "家事ヤロウ!!!", "action_flag": 1, "change_message": "[{\"added\": {}}]"}}, {"model": "admin.logentry", "pk": 28, "fields": {"action_time": "2023-06-23T01:05:51.193Z", "user": 1, "content_type": 3, "object_id": "14", "object_repr": "有吉クイズ SP【芸能人ひとりキャンプGPに出川!&有吉イチからうな重作り】", "action_flag": 1, "change_message": "[{\"added\": {}}]"}}, {"model": "admin.logentry", "pk": 29, "fields": {"action_time": "2023-06-23T01:06:21.035Z", "user": 1, "content_type": 3, "object_id": "15", "object_repr": "私の幸福時間", "action_flag": 1, "change_message": "[{\"added\": {}}]"}}, {"model": "admin.logentry", "pk": 30, "fields": {"action_time": "2023-06-23T01:06:46.737Z", "user": 1, "content_type": 3, "object_id": "16", "object_repr": "報道ステーション", "action_flag": 1, "change_message": "[{\"added\": {}}]"}}, {"model": "admin.logentry", "pk": 31, "fields": {"action_time": "2023-06-23T01:07:27.349Z", "user": 1, "content_type": 3, "object_id": "17", "object_repr": "世界の車窓から", "action_flag": 1, "change_message": "[{\"added\": {}}]"}}, {"model": "admin.logentry", "pk": 32, "fields": {"action_time": "2023-06-23T01:08:18.188Z", "user": 1, "content_type": 3, "object_id": "18", "object_repr": "ロンドンハーツ　うぬぼれ注意!オトコの自分番付", "action_flag": 1, "change_message": "[{\"added\": {}}]"}}, {"model": "admin.logentry", "pk": 33, "fields": {"action_time": "2023-06-23T01:08:47.087Z", "user": 1, "content_type": 3, "object_id": "19", "object_repr": "証言者バラエティ　アンタウォッチマン!", "action_flag": 1, "change_message": "[{\"added\": {}}]"}}, {"model": "admin.logentry", "pk": 34, "fields": {"action_time": "2023-06-23T01:09:11.010Z", "user": 1, "content_type": 3, "object_id": "20", "object_repr": "テレ朝番組みどころナビ", "action_flag": 1, "change_message": "[{\"added\": {}}]"}}, {"model": "admin.logentry", "pk": 35, "fields": {"action_time": "2023-06-23T01:09:48.158Z", "user": 1, "content_type": 3, "object_id": "21", "object_repr": "ネオバズ!!　マッドマックスTV", "action_flag": 1, "change_message": "[{\"added\": {}}]"}}, {"model": "admin.logentry", "pk": 36, "fields": {"action_time": "2023-06-23T01:10:17.110Z", "user": 1, "content_type": 3, "object_id": "22", "object_repr": "全力坂", "action_flag": 1, "change_message": "[{\"added\": {}}]"}}, {"model": "admin.logentry", "pk": 37, "fields": {"action_time": "2023-06-23T01:10:46.233Z", "user": 1, "content_type": 3, "object_id": "23", "object_repr": "フリースタイルティーチャー", "action_flag": 1, "change_message": "[{\"added\": {}}]"}}, {"model": "admin.logentry", "pk": 38, "fields": {"action_time": "2023-06-23T01:12:58.404Z", "user": 1, "content_type": 3, "object_id": "24", "object_repr": "140×875", "action_flag": 1, "change_message": "[{\"added\": {}}]"}}, {"model": "admin.logentry", "pk": 39, "fields": {"action_time": "2023-06-23T01:13:22.659Z", "user": 1, "content_type": 3, "object_id": "25", "object_repr": "イワクラと吉住の番組", "action_flag": 1, "change_message": "[{\"added\": {}}]"}}, {"model": "admin.logentry", "pk": 40, "fields": {"action_time": "2023-06-23T01:13:51.745Z", "user": 1, "content_type": 3, "object_id": "26", "object_repr": "ランジャタイのがんばれ地上波!", "action_flag": 1, "change_message": "[{\"added\": {}}]"}}, {"model": "admin.logentry", "pk": 41, "fields": {"action_time": "2023-06-23T01:14:15.188Z", "user": 1, "content_type": 3, "object_id": "27", "object_repr": "ジェシカ美術部", "action_flag": 1, "change_message": "[{\"added\": {}}]"}}, {"model": "admin.logentry", "pk": 42, "fields": {"action_time": "2023-06-23T01:14:40.889Z", "user": 1, "content_type": 3, "object_id": "28", "object_repr": "ワカコさんとマサルくんのお宅は買わないの??", "action_flag": 1, "change_message": "[{\"added\": {}}]"}}, {"model": "admin.logentry", "pk": 43, "fields": {"action_time": "2023-06-23T01:15:01.934Z", "user": 1, "content_type": 3, "object_id": "29", "object_repr": "ミッドナイトマルシェ", "action_flag": 1, "change_message": "[{\"added\": {}}]"}}, {"model": "auth.permission", "pk": 1, "fields": {"name": "Can add category", "content_type": 1, "codename": "add_category"}}, {"model": "auth.permission", "pk": 2, "fields": {"name": "Can change category", "content_type": 1, "codename": "change_category"}}, {"model": "auth.permission", "pk": 3, "fields": {"name": "Can delete category", "content_type": 1, "codename": "delete_category"}}, {"model": "auth.permission", "pk": 4, "fields": {"name": "Can view category", "content_type": 1, "codename": "view_category"}}, {"model": "auth.permission", "pk": 5, "fields": {"name": "Can add date", "content_type": 2, "codename": "add_date"}}, {"model": "auth.permission", "pk": 6, "fields": {"name": "Can change date", "content_type": 2, "codename": "change_date"}}, {"model": "auth.permission", "pk": 7, "fields": {"name": "Can delete date", "content_type": 2, "codename": "delete_date"}}, {"model": "auth.permission", "pk": 8, "fields": {"name": "Can view date", "content_type": 2, "codename": "view_date"}}, {"model": "auth.permission", "pk": 9, "fields": {"name": "Can add tv", "content_type": 3, "codename": "add_tv"}}, {"model": "auth.permission", "pk": 10, "fields": {"name": "Can change tv", "content_type": 3, "codename": "change_tv"}}, {"model": "auth.permission", "pk": 11, "fields": {"name": "Can delete tv", "content_type": 3, "codename": "delete_tv"}}, {"model": "auth.permission", "pk": 12, "fields": {"name": "Can view tv", "content_type": 3, "codename": "view_tv"}}, {"model": "auth.permission", "pk": 13, "fields": {"name": "Can add comment", "content_type": 4, "codename": "add_comment"}}, {"model": "auth.permission", "pk": 14, "fields": {"name": "Can change comment", "content_type": 4, "codename": "change_comment"}}, {"model": "auth.permission", "pk": 15, "fields": {"name": "Can delete comment", "content_type": 4, "codename": "delete_comment"}}, {"model": "auth.permission", "pk": 16, "fields": {"name": "Can view comment", "content_type": 4, "codename": "view_comment"}}, {"model": "auth.permission", "pk": 17, "fields": {"name": "Can add user", "content_type": 5, "codename": "add_customuser"}}, {"model": "auth.permission", "pk": 18, "fields": {"name": "Can change user", "content_type": 5, "codename": "change_customuser"}}, {"model": "auth.permission", "pk": 19, "fields": {"name": "Can delete user", "content_type": 5, "codename": "delete_customuser"}}, {"model": "auth.permission", "pk": 20, "fields": {"name": "Can view user", "content_type": 5, "codename": "view_customuser"}}, {"model": "auth.permission", "pk": 21, "fields": {"name": "Can add log entry", "content_type": 6, "codename": "add_logentry"}}, {"model": "auth.permission", "pk": 22, "fields": {"name": "Can change log entry", "content_type": 6, "codename": "change_logentry"}}, {"model": "auth.permission", "pk": 23, "fields": {"name": "Can delete log entry", "content_type": 6, "codename": "delete_logentry"}}, {"model": "auth.permission", "pk": 24, "fields": {"name": "Can view log entry", "content_type": 6, "codename": "view_logentry"}}, {"model": "auth.permission", "pk": 25, "fields": {"name": "Can add permission", "content_type": 7, "codename": "add_permission"}}, {"model": "auth.permission", "pk": 26, "fields": {"name": "Can change permission", "content_type": 7, "codename": "change_permission"}}, {"model": "auth.permission", "pk": 27, "fields": {"name": "Can delete permission", "content_type": 7, "codename": "delete_permission"}}, {"model": "auth.permission", "pk": 28, "fields": {"name": "Can view permission", "content_type": 7, "codename": "view_permission"}}, {"model": "auth.permission", "pk": 29, "fields": {"name": "Can add group", "content_type": 8, "codename": "add_group"}}, {"model": "auth.permission", "pk": 30, "fields": {"name": "Can change group", "content_type": 8, "codename": "change_group"}}, {"model": "auth.permission", "pk": 31, "fields": {"name": "Can delete group", "content_type": 8, "codename": "delete_group"}}, {"model": "auth.permission", "pk": 32, "fields": {"name": "Can view group", "content_type": 8, "codename": "view_group"}}, {"model": "auth.permission", "pk": 33, "fields": {"name": "Can add content type", "content_type": 9, "codename": "add_contenttype"}}, {"model": "auth.permission", "pk": 34, "fields": {"name": "Can change content type", "content_type": 9, "codename": "change_contenttype"}}, {"model": "auth.permission", "pk": 35, "fields": {"name": "Can delete content type", "content_type": 9, "codename": "delete_contenttype"}}, {"model": "auth.permission", "pk": 36, "fields": {"name": "Can view content type", "content_type": 9, "codename": "view_contenttype"}}, {"model": "auth.permission", "pk": 37, "fields": {"name": "Can add session", "content_type": 10, "codename": "add_session"}}, {"model": "auth.permission", "pk": 38, "fields": {"name": "Can change session", "content_type": 10, "codename": "change_session"}}, {"model": "auth.permission", "pk": 39, "fields": {"name": "Can delete session", "content_type": 10, "codename": "delete_session"}}, {"model": "auth.permission", "pk": 40, "fields": {"name": "Can view session", "content_type": 10, "codename": "view_session"}}, {"model": "contenttypes.contenttype", "pk": 1, "fields": {"app_label": "tvasahi", "model": "category"}}, {"model": "contenttypes.contenttype", "pk": 2, "fields": {"app_label": "tvasahi", "model": "date"}}, {"model": "contenttypes.contenttype", "pk": 3, "fields": {"app_label": "tvasahi", "model": "tv"}}, {"model": "contenttypes.contenttype", "pk": 4, "fields": {"app_label": "tvasahi", "model": "comment"}}, {"model": "contenttypes.contenttype", "pk": 5, "fields": {"app_label": "tvasahi", "model": "customuser"}}, {"model": "contenttypes.contenttype", "pk": 6, "fields": {"app_label": "admin", "model": "logentry"}}, {"model": "contenttypes.contenttype", "pk": 7, "fields": {"app_label": "auth", "model": "permission"}}, {"model": "contenttypes.contenttype", "pk": 8, "fields": {"app_label": "auth", "model": "group"}}, {"model": "contenttypes.contenttype", "pk": 9, "fields": {"app_label": "contenttypes", "model": "contenttype"}}, {"model": "contenttypes.contenttype", "pk": 10, "fields": {"app_label": "sessions", "model": "session"}}, {"model": "sessions.session", "pk": "d1lfn3uc0k6xut1kqm1w7v5j6lm2subv", "fields": {"session_data": ".eJxVjEEOwiAQRe_C2hCmhRlw6d4zkKGAVA0kpV0Z765NutDtf-_9l_C8rcVvPS1-juIsQJx-t8DTI9UdxDvXW5NTq-syB7kr8qBdXltMz8vh_h0U7uVbo2OEoIi1BTMaJpWUZY1u1CEbl8lY6zLgkCMYID0pTQwJB4dAwEq8P7HeNlo:1qCCvR:9TId8M5NMbB3Dnm9x-a6_9OZkuiwKnLAUmjw_1lpf3c", "expire_date": "2023-07-06T05:32:09.535Z"}}, {"model": "sessions.session", "pk": "d2v92g8bn2ob4hgezkoj6lrkkge7o62c", "fields": {"session_data": ".eJxVjEEOwiAQRe_C2hCmhRlw6d4zkKGAVA0kpV0Z765NutDtf-_9l_C8rcVvPS1-juIsQJx-t8DTI9UdxDvXW5NTq-syB7kr8qBdXltMz8vh_h0U7uVbo2OEoIi1BTMaJpWUZY1u1CEbl8lY6zLgkCMYID0pTQwJB4dAwEq8P7HeNlo:1qCC0C:bPGwIPWjNL2UH5pUpeZ7j-qFNjgwZNsQA1AcPLOouY4", "expire_date": "2023-07-06T04:33:00.527Z"}}, {"model": "sessions.session", "pk": "fj9nh8p5yrsy2ulqufem2qcv0gz49yat", "fields": {"session_data": ".eJxVjEEOwiAQRe_C2hCmhRlw6d4zkKGAVA0kpV0Z765NutDtf-_9l_C8rcVvPS1-juIsQJx-t8DTI9UdxDvXW5NTq-syB7kr8qBdXltMz8vh_h0U7uVbo2OEoIi1BTMaJpWUZY1u1CEbl8lY6zLgkCMYID0pTQwJB4dAwEq8P7HeNlo:1qCEIa:bRR24kq3wMGmzCeChh9MuNMqnJCaDMwTjMnSR0K8aVM", "expire_date": "2023-07-06T07:00:08.534Z"}}]